Id,Klantnaam,Email,Bedrijfnaam,BtwNummer,Status
1,Simmonds Porson,jbatchan0@macromedia.com,,,Betaald
2,Shari Arnhold,jparkhouse1@topsy.com,,,Betaald
3,Brandy Weaben,icuddon2@usnews.com,,,Betaald
4,Zsazsa Urien,sdeath3@fastcompany.com,,,Geleverd
5,Ellie Sawart,jlarret4@tripadvisor.com,,,Lopend
6,Gwendolyn Blazynski,bluard5@quantcast.com,,,Onderweg
7,,,Tagcat,0900315164,Betaald
8,Lynn Simeone,ccauston7@lycos.com,,,Betaald
9,,,Kanoodle,3488049604,Beschadigd
10,,,Innojam,4245024070,Lopend
11,,,Zooxo,2537788680,RetourInStock
12,Esther Minall,ftiemanb@guardian.co.uk,,,Lopend
13,Roda Skillern,wdecopemanc@addthis.com,,,Onderweg
14,,,Rhyzio,5037356601,Onderweg
15,,,Topicshots,9402950117,Verloren
16,,,DabZ,1596119993,Betaald
17,Pinchas Paine,lpettingillg@aboutads.info,,,RetourInStock
18,,,Meemm,9019287206,Lopend
19,,,Eadel,3739389532,Betaald
20,Priscella Gruszczak,jeversj@yolasite.com,,,Betaald
21,,,Yacero,1629853054,Klaarmaken
22,Flo O'Gormally,cdurringtonl@ucoz.ru,,,Lopend
23,,,Meedoo,5473005365,Lopend
24,Hebert O'Regan,gleonardn@hugedomains.com,,,Betaald
25,,,Mynte,0398688281,Retour
26,Latrena Sweedy,adorceyp@slideshare.net,,,Betaald
27,Chaunce Acey,hcartmaelq@utexas.edu,,,Lopend
28,Ronda Trevear,lwetherickr@economist.com,,,Lopend
29,Flynn Bunney,pdomineys@sfgate.com,,,Betaald
30,Buck Truwert,rbuscht@hexun.com,,,Verloren
31,Dulcia Leasor,vdeareu@eventbrite.com,,,RetourInStock
32,Arly Desmond,bvillaretv@washingtonpost.com,,,Lopend
33,Lorri Summerscales,gmainsonw@t.co,,,Betaald
34,Andee Pounder,paddlestonex@dmoz.org,,,Onderweg
35,Bobbette Foat,epickeny@ehow.com,,,Lopend
36,,,Thoughtblab,3733573501,Lopend
37,Issie Stowgill,cmcilwrath10@studiopress.com,,,Betaald
38,Tonia Tungate,kcicerone11@purevolume.com,,,RetourInStock
39,Ephrayim Odom,rsapwell12@free.fr,,,Betaald
40,Brice Richarson,rgrigsby13@loc.gov,,,Lopend
41,Joelynn Radloff,mtatnell14@vistaprint.com,,,Verloren
42,Delbert Althrop,swesterman15@imgur.com,,,Betaald
43,Marget Kinneir,ccerith16@soundcloud.com,,,Lopend
44,,,Fiveclub,8367296419,Onderweg
45,,,Topiczoom,5147354387,Betaald
46,,,Topiczoom,8354451410,RetourInStock
47,,,Quire,7921788718,Lopend
48,Jillane Fairfull,dhopfner1b@sitemeter.com,,,Geleverd
49,Lila Lowdyane,sbader1c@liveinternet.ru,,,Betaald
50,,,Leexo,8007446583,Klaarmaken
51,Saraann Beer,vbrotherick1e@baidu.com,,,Lopend
52,Benedicto MacKain,dpeete1f@360.cn,,,Lopend
53,,,Dynazzy,5180230659,Betaald
54,,,Tagopia,7550260958,Lopend
55,Larine Barends,tbraunstein1i@addtoany.com,,,Lopend
56,,,Eare,5751192788,Betaald
57,,,Dazzlesphere,3933502772,Betaald
58,Mikaela Guillain,jcheers1l@patch.com,,,Betaald
59,Johanna Deverall,emcgebenay1m@rambler.ru,,,Lopend
60,Martica Leisman,eitzkovsky1n@wordpress.org,,,Lopend
61,Bartholomeus Utting,aisard1o@example.com,,,RetourInStock
62,Gregoor Francklin,gmintoft1p@dion.ne.jp,,,Geleverd
63,Moria O'Lynn,racosta1q@so-net.ne.jp,,,Lopend
64,,,Shufflebeat,6588723644,RetourInStock
65,Kailey McOrkill,creddoch1s@thetimes.co.uk,,,Betaald
66,Sinclare Nuth,alosselyong1t@ocn.ne.jp,,,Klaarmaken
67,Katheryn Lightwing,kbloy1u@census.gov,,,Betaald
68,Coleman Tanswell,dgornal1v@dagondesign.com,,,Betaald
69,Agace Fendlen,ldunguy1w@over-blog.com,,,Lopend
70,,,Reallinks,9296257182,RetourInStock
71,Cameron Bru,sroughey1y@newsvine.com,,,Beschadigd
72,Orran Weatherall,rmaffulli1z@addthis.com,,,Lopend
73,,,Thoughtstorm,2038888124,Betaald
74,Huntley Challes,wcescoti21@w3.org,,,Klaarmaken
75,Carree Plante,pmaciunas22@wikipedia.org,,,Lopend
76,Kirby Burrows,aendricci23@chron.com,,,Verloren
77,Petronille Speares,jormston24@youku.com,,,Betaald
78,Torin Isted,psangwine25@mysql.com,,,Lopend
79,Alejandro Lainge,skeneleyside26@japanpost.jp,,,Lopend
80,Silas Artinstall,swaldram27@diigo.com,,,Betaald
81,Emlynne King,lpawels28@indiegogo.com,,,Betaald
82,,,Layo,5937319893,RetourInStock
83,Isadora Shepheard,pbirley2a@mit.edu,,,Onderweg
84,Corri Hewes,jhought2b@kickstarter.com,,,Lopend
85,Filia Hitter,bjennins2c@miitbeian.gov.cn,,,Lopend
86,Germana Daal,mreglar2d@alibaba.com,,,Betaald
87,,,Zoomlounge,4346956459,Betaald
88,Bernelle Klimmek,iruprechter2f@wsj.com,,,Betaald
89,Kincaid Goodrick,lcurryer2g@cornell.edu,,,Betaald
90,,,Realblab,9069108615,Onderweg
91,,,Twitterworks,4785932058,Lopend
92,Shayna Beaford,abarrus2j@reuters.com,,,Betaald
93,Glen Fardo,alouth2k@time.com,,,Betaald
94,,,Zooveo,2272064620,Klaarmaken
95,,,Yoveo,7879721207,Lopend
96,Luelle Pegg,cmcaughtry2n@stanford.edu,,,Lopend
97,,,Babbleopia,7343068830,Betaald
98,,,Chatterbridge,0524917957,Lopend
99,Melita Allingham,cmatley2q@marriott.com,,,Betaald
100,Deck Anthon,pdailly2r@edublogs.org,,,Lopend
101,Eugenie Le-Good,botierney2s@sciencedaily.com,,,Onderweg
102,,,Thoughtblab,9396165425,Betaald
103,Jolynn Yonnie,smaillard2u@xinhuanet.com,,,Betaald
104,Farica Gaitung,ppaolillo2v@boston.com,,,Betaald
105,Lucienne McKimmey,oadnams2w@sogou.com,,,Betaald
106,,,Dabtype,6734682056,Lopend
107,Clemmie Adlem,abuckell2y@clickbank.net,,,Betaald
108,Debbi Simmell,aions2z@alexa.com,,,Geleverd
109,Dottie McCarl,fmarzele30@lulu.com,,,Lopend
110,,,Divape,9566163592,Onderweg
111,Marvin Roobottom,gswalwell32@t-online.de,,,Onderweg
112,Prinz McGarel,kstaddom33@angelfire.com,,,Verloren
113,Dana Newson,ngossage34@myspace.com,,,Lopend
114,,,Twimm,1498280684,Retour
115,Kirsti Mattek,rbuckam36@biglobe.ne.jp,,,Betaald
116,Walt Hamerton,tgebb37@moonfruit.com,,,Lopend
117,,,Jabbertype,2944229664,Lopend
118,Layla O'Murtagh,dlibbie39@craigslist.org,,,Betaald
119,Forrester Di Baudi,acapron3a@kickstarter.com,,,RetourInStock
120,Terri-jo Stuffins,isimms3b@prweb.com,,,Betaald
121,,,Tagchat,2511773716,Betaald
122,Nomi O'Lunny,gspendley3d@cnn.com,,,Verloren
123,Ebeneser Hamshar,tspatoni3e@rambler.ru,,,Geleverd
124,Channa Raddan,hmenlove3f@cdbaby.com,,,Onderweg
125,Charissa Boumphrey,lreeds3g@jalbum.net,,,Betaald
126,Baird Courteney,ggabbett3h@wisc.edu,,,Betaald
127,,,Gevee,8257318345,Betaald
128,Jeralee Reisenberg,ameiklam3j@tripod.com,,,Betaald
129,Enoch Tampling,mslowcock3k@oaic.gov.au,,,Betaald
130,,,Youtags,2385467410,Beschadigd
131,Sandy Stickley,drainard3m@devhub.com,,,Betaald
132,Rene Domino,jpinck3n@tumblr.com,,,Lopend
133,Danila Hindmoor,pormston3o@weibo.com,,,Geleverd
134,Candide Iffe,vbertwistle3p@ycombinator.com,,,Klaarmaken
135,Roderich Zmitruk,mgillaspy3q@hugedomains.com,,,Lopend
136,,,Twimm,5282576546,Betaald
137,Kermy Kelsall,kacklands3s@istockphoto.com,,,Geanuleerd
138,Morley Tilte,fstanding3t@gmpg.org,,,Lopend
139,,,Fliptune,2551855837,Klaarmaken
140,Donia Thurstan,dbrommage3v@cbc.ca,,,Verloren
141,Barbabas O'Hengerty,jseleway3w@cloudflare.com,,,Beschadigd
142,Ambrosio Rizzone,amakey3x@about.me,,,Beschadigd
143,,,Centidel,6142113226,Geleverd
144,Marybelle Miall,bbatchan3z@php.net,,,Onderweg
145,Arlena Iacavone,bhallum40@webeden.co.uk,,,Verloren
146,Ally Whiteland,dfewlass41@blog.com,,,Betaald
147,,,Youspan,2847842012,Betaald
148,Corney Ferenczy,gboundy43@ucsd.edu,,,Betaald
149,Dniren Allchorne,fricciardi44@tamu.edu,,,Betaald
150,Henrik Riehm,odeeks45@aol.com,,,Betaald
151,,,Midel,3157728326,Onderweg
152,Fax Czajkowski,amckeran47@ifeng.com,,,Geanuleerd
153,Doe Seeviour,smacfarlane48@sfgate.com,,,Betaald
154,Alison Markwell,emengue49@webmd.com,,,Betaald
155,,,Voonte,1913126765,Lopend
156,Malinda Troyes,cclewett4b@studiopress.com,,,Betaald
157,Wenda Alvis,tsarson4c@histats.com,,,Lopend
158,Brander Golsthorp,gwolpert4d@pbs.org,,,Lopend
159,Shay Descroix,sbaudon4e@npr.org,,,Betaald
160,Julieta Stuffins,cloverock4f@telegraph.co.uk,,,Geleverd
161,Lanita Spinas,tarlott4g@github.io,,,Betaald
162,,,Fatz,4545718019,Betaald
163,Morten Ca,dduckham4i@samsung.com,,,RetourInStock
164,Sigvard Dunderdale,mwellsman4j@macromedia.com,,,Betaald
165,Sophi Blakebrough,natyeo4k@nyu.edu,,,Lopend
166,,,Gabtune,3133090887,Onderweg
167,Lind Pallas,sroswarn4m@slate.com,,,Betaald
168,Fionna Leyes,rsayburn4n@imgur.com,,,Geleverd
169,,,Yozio,2893756948,RetourInStock
170,Dorry Rotlauf,jmangenet4p@tumblr.com,,,Betaald
171,Viva Waddie,nhewson4q@youtu.be,,,Onderweg
172,Robbie Preist,cwehnerr4r@squarespace.com,,,Onderweg
173,Edvard Woolrich,cmacnally4s@omniture.com,,,Betaald
174,Erena Di Carli,wenrich4t@dion.ne.jp,,,Betaald
175,,,Gevee,2035848385,Betaald
176,Kienan Humbatch,aoxton4v@1688.com,,,Betaald
177,Susanetta Zannutti,svickery4w@phoca.cz,,,Betaald
178,Sascha Crannach,cbelding4x@narod.ru,,,Betaald
179,,,Edgewire,7461105329,Retour
180,,,Quatz,0022529039,Betaald
181,,,Geba,7745904269,Betaald
182,Angelico Folds,mlazer51@newyorker.com,,,Betaald
183,Winthrop Taylerson,debben52@wisc.edu,,,Betaald
184,Emiline Brearty,hsamples53@ocn.ne.jp,,,Lopend
185,Sinclare Baser,cdunmuir54@weebly.com,,,Lopend
186,Lynnette Crombleholme,efearey55@istockphoto.com,,,Geleverd
187,,,Zoomdog,7337675259,Betaald
188,Otes Zorzenoni,geblein57@nbcnews.com,,,Lopend
189,,,Tambee,1668341298,Lopend
190,,,Browsedrive,9683678793,Verloren
191,Sheridan Martel,gsquier5a@google.it,,,Betaald
192,,,Riffpedia,5338123754,Lopend
193,Tasha Borrill,icotherill5c@youtube.com,,,Lopend
194,Konstanze Hulme,mhadgkiss5d@photobucket.com,,,Beschadigd
195,Algernon Ludford,fpaulsen5e@eepurl.com,,,Lopend
196,Di Westphal,astebbings5f@imgur.com,,,RetourInStock
197,,,Brainbox,2885191015,Lopend
198,Grant Kirkbright,ntuffield5h@angelfire.com,,,Betaald
199,Jobina Blondelle,rbrymham5i@yahoo.com,,,RetourInStock
200,Neila Gavigan,mlishman5j@angelfire.com,,,Geleverd
201,,,Rhybox,6719640542,Lopend
202,,,Photospace,7637851516,Lopend
203,Byrann Tille,dtrembley5m@java.com,,,Onderweg
204,,,Voonte,1789268427,Geleverd
205,Penni Manville,grothman5o@foxnews.com,,,Retour
206,Tomasine MacAlpine,bhempshall5p@marriott.com,,,Onderweg
207,Lanae Halshaw,ahonsch5q@addthis.com,,,Betaald
208,Twila Tattersdill,lvanderbrugge5r@usgs.gov,,,RetourInStock
209,Gottfried Patmore,ojacomb5s@ucla.edu,,,Betaald
210,Max Titterrell,gfairtlough5t@ted.com,,,Lopend
211,Mariana Simkovitz,khayes5u@mediafire.com,,,Betaald
212,Charlton Febry,njahns5v@studiopress.com,,,Lopend
213,Margeaux Streeting,avasilischev5w@sourceforge.net,,,RetourInStock
214,,,Realcube,8296305216,Lopend
215,,,Feedfire,5495977807,Onderweg
216,,,Jayo,6874630520,Betaald
217,Marthena Callander,randress60@joomla.org,,,Lopend
218,Pancho Pettersen,gcorss61@uol.com.br,,,Betaald
219,Tatiania Hince,ghurndall62@illinois.edu,,,Betaald
220,,,Riffpedia,1614796920,Betaald
221,Gladi Cowgill,jgibard64@google.cn,,,Klaarmaken
222,Daniella Sedge,twestoll65@smugmug.com,,,Onderweg
223,,,Dabshots,9521244429,Lopend
224,Rad Tatterton,lpatten67@sina.com.cn,,,Lopend
225,,,Tagfeed,6365221657,Verloren
226,Kylie Escale,mpowers69@princeton.edu,,,Lopend
227,Alford Normandale,fcarman6a@bluehost.com,,,RetourInStock
228,,,Voolia,4013725053,Klaarmaken
229,,,Browsecat,6476586408,Klaarmaken
230,Jamaal Brou,mdeambrosi6d@free.fr,,,Onderweg
231,Sanford Melpuss,sseater6e@yolasite.com,,,Betaald
232,,,Yamia,0713876034,Betaald
233,Rudie Impett,mheinl6g@businesswire.com,,,Lopend
234,Andria Heinonen,mbanbrick6h@vk.com,,,Lopend
235,Del Antonchik,hoene6i@slideshare.net,,,Beschadigd
236,Osbert MacConnel,bkasman6j@deliciousdays.com,,,Betaald
237,Alexei Skase,hcayton6k@phoca.cz,,,Geleverd
238,,,Skiptube,8361090053,Betaald
239,Siffre Guinn,bmarcus6m@jiathis.com,,,RetourInStock
240,Nicky Gouldeby,mrodda6n@mlb.com,,,Geleverd
241,Akim Nolot,fprati6o@smugmug.com,,,Betaald
242,Ariel Ledson,valthrope6p@tumblr.com,,,Klaarmaken
243,Garland Medendorp,kfeldheim6q@sogou.com,,,Betaald
244,,,Realfire,0646282433,Onderweg
245,,,Tambee,3997923922,Betaald
246,Randolf Jayne,bdalla6t@rambler.ru,,,Betaald
247,,,Viva,7991321967,Betaald
248,Fairfax Randles,squig6v@trellian.com,,,Lopend
249,Jamey Loggie,seffnert6w@guardian.co.uk,,,Betaald
250,Lorettalorna Treadaway,croyce6x@unesco.org,,,Betaald
251,Teressa Dyne,npascoe6y@theglobeandmail.com,,,Lopend
252,,,Jaloo,5056650331,Lopend
253,Tades Balnave,atreweek70@chicagotribune.com,,,RetourInStock
254,Sean Russon,cdermott71@tiny.cc,,,Lopend
255,Mallorie Brilon,tquinn72@cnet.com,,,Klaarmaken
256,Brig Trevenu,rblazewski73@weibo.com,,,RetourInStock
257,Abe Wetheril,lgrinnikov74@answers.com,,,RetourInStock
258,Brody Face,edobrowski75@engadget.com,,,RetourInStock
259,Drucy Waleworke,dhallock76@aol.com,,,Onderweg
260,Benji Geeve,fsmeeton77@marriott.com,,,Onderweg
261,,,Thoughtsphere,9358913665,Lopend
262,,,Jabberbean,8034698938,Lopend
263,,,Quatz,1967591695,Betaald
264,Cloe Hemms,nourtic7b@comsenz.com,,,Verloren
265,Joye Glen,oolpin7c@techcrunch.com,,,Geleverd
266,Elfrida Hobbert,emessiter7d@examiner.com,,,Lopend
267,Essy Ewols,adorsay7e@foxnews.com,,,Betaald
268,Krishna Dumberell,clongfut7f@globo.com,,,Lopend
269,,,Jaxworks,9343418876,Betaald
270,Danielle Langstaff,adash7h@sun.com,,,Betaald
271,Amata Huet,tgraffham7i@japanpost.jp,,,RetourInStock
272,,,Topicblab,2406980235,Verloren
273,Chadwick Raffan,fmacentee7k@xrea.com,,,Lopend
274,Fleming Royal,vdeavall7l@zdnet.com,,,Betaald
275,Hannie Hearle,rshilstone7m@google.ca,,,Lopend
276,,,Photofeed,9883783655,RetourInStock
277,,,Realmix,3548885985,Betaald
278,Michele Hofner,lbirchner7p@example.com,,,Lopend
279,Kennan Redler,cbony7q@1und1.de,,,Onderweg
280,Jaime Spring,lchinnock7r@google.de,,,Betaald
281,Addy Gaddesby,ahulburt7s@lycos.com,,,Betaald
282,Tamar Billingsly,rgimenez7t@google.cn,,,Geleverd
283,,,Skipstorm,2800451157,Betaald
284,,,Layo,0358005612,Betaald
285,Belinda Redier,jocahsedy7w@xing.com,,,Klaarmaken
286,Fidelia Perford,sgroome7x@jiathis.com,,,Betaald
287,,,Zoombeat,7918863402,Betaald
288,Ginevra Spittle,bvanschafflaer7z@wp.com,,,Verloren
289,Doro Kaufman,bmarginson80@google.pl,,,Betaald
290,Goldie Bonsul,arudwell81@mail.ru,,,Betaald
291,,,Edgepulse,7830886423,Lopend
292,Kalinda Duiguid,rrittelmeyer83@princeton.edu,,,Betaald
293,Chaunce Edwick,ilamers84@list-manage.com,,,Betaald
294,Ulla Rivard,mhansill85@1688.com,,,Betaald
295,Cornelle Juliff,rhallor86@columbia.edu,,,Onderweg
296,,,Yacero,8739439127,Klaarmaken
297,Chalmers Watman,vjanney88@dedecms.com,,,Betaald
298,Gray Aleksankov,twhitington89@google.pl,,,Betaald
299,Cassy Lavers,ukippin8a@artisteer.com,,,Lopend
300,,,Skyndu,5202946015,Geleverd
301,Wat Sambles,nsiemantel8c@ask.com,,,Onderweg
302,Wyndham Giffin,dwisam8d@bing.com,,,Verloren
303,,,Zoombeat,8955782799,Onderweg
304,,,Skibox,9782644668,Klaarmaken
305,Troy Kitchenside,mpay8g@cargocollective.com,,,Verloren
306,,,Devcast,8234402811,Betaald
307,Nahum Este,blenglet8i@tripod.com,,,Onderweg
308,,,Meevee,2725040078,Klaarmaken
309,Janifer Tott,fsedcole8k@prlog.org,,,Betaald
310,Elsbeth Kynman,jlazer8l@com.com,,,Betaald
311,,,Rhynyx,9726363829,Lopend
312,Oriana Thornally,cstanlick8n@narod.ru,,,Lopend
313,,,Zoovu,0571415970,Betaald
314,,,Dazzlesphere,9461450079,Geleverd
315,,,Agimba,9440940689,Verloren
316,Mellisent Le Estut,ssapena8r@istockphoto.com,,,Klaarmaken
317,Coretta Janodet,nkellitt8s@i2i.jp,,,Lopend
318,Jacquenetta Gloucester,lstrewthers8t@deliciousdays.com,,,Klaarmaken
319,Gwenette Parton,dburfield8u@huffingtonpost.com,,,Geleverd
320,Korrie Tringham,rmaccrosson8v@squidoo.com,,,Lopend
321,,,Fivespan,9275014183,RetourInStock
322,,,Trupe,9132105800,Betaald
323,Gonzalo Geaney,pmarians8y@pbs.org,,,Verloren
324,Wallache Kuhn,mkaufman8z@archive.org,,,Lopend
325,Marcelle Shackleford,fbaldassi90@geocities.jp,,,Lopend
326,Kennan Berntssen,noram91@amazon.co.jp,,,Klaarmaken
327,Dyna Guidini,aortelt92@goo.ne.jp,,,Lopend
328,Mira Simonard,dattarge93@bbb.org,,,Lopend
329,Asher Riepl,cpechold94@msn.com,,,Betaald
330,Bary Giriardelli,sgreenhough95@vkontakte.ru,,,Geleverd
331,Mareah Perillo,rgoodliff96@booking.com,,,Klaarmaken
332,,,Edgepulse,5716172458,Lopend
333,Claudina Labell,fdoni98@mail.ru,,,Geleverd
334,,,Abatz,3884281798,Geleverd
335,,,Zooveo,8556886388,Betaald
336,Theodore Dulanty,hehlerding9b@bigcartel.com,,,Betaald
337,,,Realfire,5768908161,Lopend
338,Jada Haddow,tstrode9d@jimdo.com,,,Betaald
339,,,Skipfire,5082511572,Betaald
340,Adena Bosnell,bberkowitz9f@blogger.com,,,Lopend
341,Vicki Durden,acolquite9g@goodreads.com,,,Betaald
342,Zulema Eckhard,trennick9h@dell.com,,,Lopend
343,Ashly Palmar,sbromidge9i@hugedomains.com,,,Onderweg
344,,,Fatz,6296661630,Betaald
345,,,Oyope,7698332853,Verloren
346,,,Blognation,9414923195,Betaald
347,,,Agimba,4147624987,Onderweg
348,Heloise Birkmyr,bswannie9n@hhs.gov,,,Geleverd
349,,,Edgeify,0062520555,RetourInStock
350,Rosamund Crich,mmaccurlye9p@simplemachines.org,,,Lopend
351,Lonny Southouse,tkirstein9q@usa.gov,,,Onderweg
352,,,Gabtype,0013306758,Betaald
353,Donica Hinkins,ldrust9s@mashable.com,,,Betaald
354,Jemimah Shillingford,adovidaitis9t@nationalgeographic.com,,,RetourInStock
355,Ilyssa Capelin,kyorke9u@jalbum.net,,,Betaald
356,,,Jaxworks,8646299740,Lopend
357,Valentine Coggill,ptaberner9w@mapquest.com,,,Geleverd
358,,,Lazz,6222758320,Lopend
359,Bettina Woodman,shryniewicki9y@nhs.uk,,,Betaald
360,,,Skilith,7788923060,Lopend
361,Alyson MacNulty,npypera0@forbes.com,,,Geanuleerd
362,Vyky Laxtonne,mberrigana1@yahoo.com,,,Onderweg
363,,,Kaymbo,5329571731,Lopend
364,,,Riffpedia,7881047852,Onderweg
365,,,Gabvine,7457929886,Lopend
366,Dee Tonry,utrewekea5@stanford.edu,,,Lopend
367,Rolph Alesbrook,dboxa6@home.pl,,,Betaald
368,Budd Blindmann,tburdina7@dedecms.com,,,Betaald
369,Rosemarie Titcom,mgibbesona8@163.com,,,Betaald
370,Gweneth Barrowcliff,dkaesmakersa9@jugem.jp,,,Betaald
371,,,Dabvine,4979193196,Onderweg
372,,,Photobean,6821966273,Betaald
373,Norbert Rowthorn,hglazerac@php.net,,,Betaald
374,Jordon McGreay,hcinavasad@sciencedirect.com,,,Lopend
375,Doll Dullingham,etalksae@sakura.ne.jp,,,Klaarmaken
376,Marley Bownd,dgillioaf@printfriendly.com,,,Geleverd
377,Kaja Rival,ereingerag@usatoday.com,,,Lopend
378,Ceciley Samsonsen,pshrimplingah@myspace.com,,,Onderweg
379,,,Skipstorm,1916037917,Betaald
380,,,Einti,4285100398,Lopend
381,,,Brightdog,1085806634,Lopend
382,Selle Trevance,rluscottal@usgs.gov,,,RetourInStock
383,,,Skyba,0752297538,Betaald
384,Sibby Nixon,sboasan@wiley.com,,,Betaald
385,Ashien Brocking,dminetteao@pbs.org,,,Lopend
386,Carlyle Jahan,ghumpatchap@ucoz.ru,,,Betaald
387,Renado Becraft,cbaukhamaq@nps.gov,,,RetourInStock
388,,,Bubbletube,8517170334,Betaald
389,,,Tagcat,8302798746,RetourInStock
390,,,Npath,0070306710,Betaald
391,Glyn Withnall,ibuckthorpeau@studiopress.com,,,Lopend
392,,,Dynazzy,0411333828,Lopend
393,Dasha Nelle,cepinoyaw@histats.com,,,Onderweg
394,Hewitt Pottery,gshuttellax@1688.com,,,RetourInStock
395,Merv Goodbarr,openticostay@wsj.com,,,Geleverd
396,,,Gevee,3209521816,Betaald
397,Carlye Stapleton,ffernandesb0@fc2.com,,,Onderweg
398,Lucine De Giorgi,akilbourneb1@google.co.jp,,,Verloren
399,,,Skynoodle,6341832613,Lopend
400,,,Brainsphere,6445043666,Betaald
401,Norbert Feeham,langoveb4@si.edu,,,Betaald
402,,,Twitterlist,4654160345,Lopend
403,,,Feednation,2712641124,RetourInStock
404,Ebeneser Andreev,rpattieb7@about.com,,,Klaarmaken
405,,,Tagfeed,5954778817,Lopend
406,Norton Doudney,wivankinb9@google.cn,,,Lopend
407,Harlan Domerc,fmcettrickba@youku.com,,,Klaarmaken
408,Siffre Phoebe,lonelebb@dedecms.com,,,Betaald
409,,,Mydeo,0040664775,Lopend
410,,,Jaxbean,0688432158,Betaald
411,Bobine Lennox,ccarabinebe@techcrunch.com,,,Geleverd
412,,,Skinix,9895010737,Klaarmaken
413,Devlen Keller,msmolanbg@reuters.com,,,Klaarmaken
414,Gregoor Whapples,ashorttbh@soundcloud.com,,,Verloren
415,Gerek Semor,vgontierbi@vk.com,,,Betaald
416,Mallory Ord,fkivelhanbj@princeton.edu,,,Lopend
417,Diana Alben,kmaccaribk@github.io,,,Onderweg
418,Madalena Setterthwait,wtesdalebl@oaic.gov.au,,,Betaald
419,Brnaby Rigbye,hguerreaubm@pen.io,,,Lopend
420,Ruttger Ziemecki,mfountianbn@mlb.com,,,Lopend
421,Emanuel Alvey,hperigobo@tuttocitta.it,,,Geleverd
422,Lenka Woolatt,cedonbp@nytimes.com,,,Klaarmaken
423,Leonidas Pummell,rfreirebq@constantcontact.com,,,Lopend
424,Marian Pearl,rcrennanbr@wisc.edu,,,Klaarmaken
425,Peirce Elner,dadgerbs@bbb.org,,,Betaald
426,,,Skyndu,1565186249,Betaald
427,,,Feedfish,0127350489,Lopend
428,Titus Gillott,pvogeleinbv@scribd.com,,,Betaald
429,,,Feedspan,6985711006,Lopend
430,Shandy Northen,fbathambx@yellowbook.com,,,Betaald
431,Roldan Cosh,jcheverellby@ted.com,,,Klaarmaken
432,Gertruda Fidgett,hmingobz@booking.com,,,Betaald
433,Augusto Benda,ryuc0@privacy.gov.au,,,Lopend
434,Roderick Ervine,growec1@paginegialle.it,,,Lopend
435,Erastus Klawi,mimpeyc2@ftc.gov,,,Lopend
436,,,Zoovu,7889951485,Betaald
437,Aubrie Norcop,jcrofthwaitec4@surveymonkey.com,,,Lopend
438,Haleigh Plester,efryattc5@cpanel.net,,,Lopend
439,,,Yombu,9853381435,RetourInStock
440,Odetta Wakefield,rmelmorec7@opera.com,,,RetourInStock
441,,,Innotype,0814071414,Betaald
442,,,Skajo,6099539565,RetourInStock
443,,,Trilia,8936560298,Lopend
444,Joyce Tooher,bgrinvalcb@vk.com,,,Betaald
445,,,Eadel,2196816434,Betaald
446,Kalinda Cullerne,pbenkacd@ibm.com,,,Lopend
447,Forrester Casterton,nwarryce@dmoz.org,,,Geleverd
448,Fayina Loveredge,caingercf@eventbrite.com,,,Betaald
449,,,Flashspan,9462722773,Betaald
450,,,Meetz,2449132562,Betaald
451,,,Blogtags,9848014152,Geleverd
452,Gaby Philps,cgreydoncj@twitpic.com,,,Betaald
453,Reeba Duggen,clovstromck@spiegel.de,,,Lopend
454,Nester Matiebe,bzottolicl@tuttocitta.it,,,Klaarmaken
455,,,Quimm,8499508782,Geleverd
456,Terrijo Cogdon,ptarpeycn@clickbank.net,,,Lopend
457,Andeee Knevit,kkalderonco@mapy.cz,,,RetourInStock
458,Deb McQuilty,acarncp@nature.com,,,RetourInStock
459,Joey Sweetenham,cpatekcq@goo.gl,,,Lopend
460,,,Reallinks,5922505602,Klaarmaken
461,Carline Feaviour,bpulmancs@dailymotion.com,,,Betaald
462,Neville Spinks,enisect@walmart.com,,,Lopend
463,Lucia Jacombs,gwaycu@skyrock.com,,,Onderweg
464,Shelly Mariault,hkastingcv@yolasite.com,,,Lopend
465,Ariela Gourley,jtellenbrookcw@behance.net,,,Verloren
466,,,Mybuzz,1138022691,Betaald
467,,,Rhynyx,7710282830,Betaald
468,,,Thoughtworks,0132111896,Lopend
469,,,Babbleblab,7143573833,Betaald
470,,,Skajo,0950360201,Lopend
471,Isidora Dislee,kwaked2@hubpages.com,,,Lopend
472,Worthy Beardmore,jborgnetd3@blogger.com,,,Lopend
473,,,Zoomzone,8531281709,Lopend
474,Brietta Barnewell,abarrowd5@cargocollective.com,,,Lopend
475,,,Oyonder,3611090131,RetourInStock
476,Lillis Avrahamian,jpollandd7@twitter.com,,,Betaald
477,Sybilla Sayre,hfibbensd8@amazon.com,,,Lopend
478,,,Nlounge,4219049312,Geanuleerd
479,Gallagher Colley,tbarajazda@pen.io,,,Lopend
480,Paige Wahner,aidedb@vinaora.com,,,Klaarmaken
481,,,Wikivu,7136489016,Betaald
482,Alene Carah,htidcombdd@msu.edu,,,Geleverd
483,,,Linktype,7574725624,Lopend
484,,,Realbuzz,5614611851,Betaald
485,Chevy Santon,vlapsliedg@barnesandnoble.com,,,Klaarmaken
486,Derward Flatman,khawesdh@ifeng.com,,,Betaald
487,Collie Ackred,mcorradengodi@ocn.ne.jp,,,Geleverd
488,Kara Treadgold,dmacgoundj@opera.com,,,Lopend
489,Ebonee Speaks,ebarneydk@google.com.hk,,,Klaarmaken
490,Juli Hackforth,mklimontovichdl@typepad.com,,,Beschadigd
491,Andras Gaffon,cbernuzzidm@state.tx.us,,,Klaarmaken
492,Yasmin Williment,bkiddn@jigsy.com,,,RetourInStock
493,,,Aimbo,9241375698,Betaald
494,Loydie Zamora,rfeedomedp@loc.gov,,,Lopend
495,Libbi Ganniclifft,fvandrieldq@cloudflare.com,,,Lopend
496,Libbie Zammitt,lchickendr@examiner.com,,,Onderweg
497,Brennen Whyffen,mealesds@hp.com,,,Geleverd
498,Norrie Blaik,apirouetdt@illinois.edu,,,RetourInStock
499,Farlay Marcum,gbaffdu@reverbnation.com,,,Betaald
500,,,Meezzy,3143395982,Betaald
501,,,Roodel,1642846856,Lopend
502,Sandi Hissie,imacourekdx@vinaora.com,,,Onderweg
503,Lonee Mitchinson,wwingeattdy@ucoz.com,,,RetourInStock
504,Genevieve Coop,npedleydz@reference.com,,,Lopend
505,Grier Ingarfill,korwelle0@apache.org,,,Betaald
506,Celine McAuslene,kfligge1@parallels.com,,,RetourInStock
507,Chrissy Cage,klockarte2@businessinsider.com,,,Lopend
508,,,Kwimbee,7582760603,Betaald
509,Evelin Vanshin,lhaddletone4@foxnews.com,,,Klaarmaken
510,,,Babblestorm,8870426378,Betaald
511,,,Blogtag,0489144950,Lopend
512,Ellsworth Ballach,mdeale7@biglobe.ne.jp,,,Lopend
513,Tabitha Snawdon,bmcmycheme8@marriott.com,,,Geleverd
514,Quentin Eyckel,pellsome9@lycos.com,,,Lopend
515,Doria Abdee,kdosdaleea@stumbleupon.com,,,Klaarmaken
516,,,Eimbee,2324522551,Lopend
517,Yehudi Snugg,baizikec@t.co,,,Geleverd
518,Scarlet Lay,gcapenored@nature.com,,,Lopend
519,,,Avamm,4109642876,Betaald
520,Roseanna Werndly,hgoldeef@hibu.com,,,Onderweg
521,Priscilla Plaxton,bshurlockeg@webmd.com,,,Beschadigd
522,,,Omba,8195767257,Betaald
523,,,Skipstorm,4223496425,Lopend
524,Merrilee Adey,sdinkinej@earthlink.net,,,Betaald
525,Colan Kittoe,egoodisonek@disqus.com,,,RetourInStock
526,,,Cogilith,7491359590,Betaald
527,,,Yata,8632210599,Lopend
528,Karly Skerrett,lmuzzien@opera.com,,,Betaald
529,Lawrence Whorlow,jmcfeateeo@jugem.jp,,,Betaald
530,Boothe Kilalea,agreenlyep@wsj.com,,,Klaarmaken
531,Theadora Jime,gkershoweq@ovh.net,,,Betaald
532,Brittney Gunson,nduster@geocities.jp,,,Betaald
533,Livvie Buyers,bmosees@psu.edu,,,Betaald
534,Fabio Crowder,eyaninet@shareasale.com,,,RetourInStock
535,Hadleigh Ernshaw,gleereeu@privacy.gov.au,,,RetourInStock
536,Keane Pietzner,htownerev@theglobeandmail.com,,,Beschadigd
537,Charin Checkley,lbandyew@ustream.tv,,,Lopend
538,Giralda Eaglestone,oendecottex@imageshack.us,,,Betaald
539,,,Voolia,5296626133,Betaald
540,,,Yakitri,6405850471,Betaald
541,Bee Scrannage,baaronsonf0@wiley.com,,,Betaald
542,Pru Matiashvili,yburghillf1@sogou.com,,,Onderweg
543,Leona Browell,mdegoeyf2@angelfire.com,,,Lopend
544,Rosabel Semken,kmorenof3@friendfeed.com,,,Geleverd
545,Crista Marr,ttsarf4@baidu.com,,,Betaald
546,Palm Fishpond,ctuminellif5@free.fr,,,Lopend
547,Francene Le Prevost,jelliottf6@wordpress.com,,,Lopend
548,,,Zooveo,1786028743,Lopend
549,,,Camido,2187682625,Betaald
550,,,Topicstorm,4334885764,RetourInStock
551,Caria Aggis,mgoodingefa@hibu.com,,,Betaald
552,Gwennie Newvill,sjesperfb@arstechnica.com,,,RetourInStock
553,Hazel Llopis,acoramfc@alexa.com,,,RetourInStock
554,Claudine Cluley,tglynnfd@imageshack.us,,,Betaald
555,,,Aivee,4711542264,Onderweg
556,,,Riffwire,3849107531,Lopend
557,Calla Obee,ebartelotfg@usnews.com,,,Onderweg
558,,,Blognation,2345385715,Lopend
559,Karole Fargie,jparlottfi@msu.edu,,,Betaald
560,Jacqueline Mathan,gpattullofj@cornell.edu,,,Lopend
561,Gabie MacCosty,korumfk@opera.com,,,Betaald
562,Coleen Pechan,jcaldeyrouxfl@alibaba.com,,,Betaald
563,Major Pritty,akatzmannfm@theguardian.com,,,Verloren
564,Joby Gozzard,mcapounfn@xrea.com,,,RetourInStock
565,Lyell Wrates,bpocklingtonfo@acquirethisname.com,,,RetourInStock
566,,,Yamia,7744774884,Betaald
567,,,Rhynoodle,7032892809,RetourInStock
568,,,Skippad,8881001225,Betaald
569,Sashenka Pettipher,rheatheringtonfs@upenn.edu,,,Retour
570,Jean Brotherick,agarriochft@yellowpages.com,,,Betaald
571,Larry Vala,mdenverfu@domainmarket.com,,,Betaald
572,Annamarie Guenther,slacroixfv@jigsy.com,,,Betaald
573,Maura Careswell,nskogginsfw@utexas.edu,,,Geleverd
574,Bartolemo Matherson,jduforefx@bbb.org,,,Verloren
575,,,Zoozzy,8999089266,Lopend
576,Rona Alenikov,stomafz@google.nl,,,Lopend
577,Norry Athelstan,rpadburyg0@wunderground.com,,,Geanuleerd
578,,,Gabtype,9001000762,Lopend
579,,,Leenti,1012927857,Klaarmaken
580,Malachi Fieldhouse,bkentishg3@histats.com,,,Lopend
581,Cory Hacon,wtuminig4@ifeng.com,,,Betaald
582,Lil Prickett,duridgeg5@stanford.edu,,,Lopend
583,Turner Rampling,dtretheweyg6@theglobeandmail.com,,,Onderweg
584,,,Myworks,1571872035,Onderweg
585,Doria Shera,aiacavoneg8@bravesites.com,,,Lopend
586,Adorne Landman,estuffinsg9@princeton.edu,,,RetourInStock
587,Cynthy Blesing,mjerminga@indiatimes.com,,,Lopend
588,Althea Kenset,jvasilyevgb@sun.com,,,Betaald
589,Andriette Lehrle,wthickettgc@moonfruit.com,,,RetourInStock
590,Daria Snawdon,nsamettgd@baidu.com,,,Verloren
591,Janis McMenamin,jsennettge@sitemeter.com,,,Lopend
592,Nannette Zambon,jpessoldgf@dyndns.org,,,Onderweg
593,Simone Jone,rhallumgg@si.edu,,,Betaald
594,,,Feednation,3336203139,Lopend
595,,,BlogXS,0200331639,Betaald
596,,,Wikizz,2636071342,Lopend
597,Olive Chaffe,mwatchorngk@drupal.org,,,Lopend
598,Benni Dinsell,ladolthinegl@vk.com,,,Lopend
599,Imogene Hewins,aklemensiewiczgm@cbslocal.com,,,Geanuleerd
600,Gwendolyn Shearme,rellitgn@shop-pro.jp,,,Lopend
601,Gerald Grigoliis,dsabatego@ucoz.ru,,,Verloren
602,Hillard Jankiewicz,cspaulegp@weather.com,,,Klaarmaken
603,Cherin Jelley,smaesgq@goodreads.com,,,Klaarmaken
604,Krishnah Wynrahame,cmilesgr@google.co.jp,,,Verloren
605,Antons Corneille,zstobbartgs@privacy.gov.au,,,RetourInStock
606,Nonah Brunning,rskepgt@bigcartel.com,,,Betaald
607,Wolfgang Brewers,amatiasekgu@naver.com,,,RetourInStock
608,Rouvin Laverenz,vjeffesgv@spiegel.de,,,Lopend
609,Shayla Leek,twinpennygw@xrea.com,,,Klaarmaken
610,,,Kamba,0755344073,Lopend
611,,,InnoZ,2765283893,Lopend
612,Gertrud Lunnon,nbraunleingz@auda.org.au,,,Lopend
613,Raina Birtwhistle,awhitewoodh0@fastcompany.com,,,Geleverd
614,Obie Collisson,vcurnowh1@clickbank.net,,,Geleverd
615,,,Mita,6341340354,Betaald
616,,,Reallinks,0578461498,Betaald
617,Misty Costan,aczaplah4@opera.com,,,Betaald
618,Fredia Zanolli,nbarnabyh5@ebay.com,,,Betaald
619,Aubrey Wimpress,prablanh6@livejournal.com,,,Betaald
620,,,Realbridge,1829202804,Lopend
621,Barny Spatarul,tleemanh8@diigo.com,,,RetourInStock
622,,,Skaboo,8966360912,Betaald
623,Angil Diem,gsimonianha@dyndns.org,,,Betaald
624,Ikey Shera,tastlinghb@va.gov,,,Betaald
625,,,Tagfeed,0413193780,Betaald
626,Madonna Hoy,kknollesgreenhd@boston.com,,,Onderweg
627,,,Meeveo,3427571750,Verloren
628,Cybil Dockerty,gmaidlowhf@wiley.com,,,Betaald
629,Kara-lynn Levett,hfanehg@reverbnation.com,,,Geleverd
630,,,Tambee,3172522288,Betaald
631,,,Fivebridge,9419570851,Lopend
632,,,Demimbu,4992099157,Betaald
633,Johna Christley,acuxsonhk@liveinternet.ru,,,Lopend
634,,,Zoovu,7321385906,Onderweg
635,Pearce Prium,hmorganhm@techcrunch.com,,,Verloren
636,Lura Mabey,abodessonhn@istockphoto.com,,,Lopend
637,Nissie Housecraft,khaygreenho@vkontakte.ru,,,Klaarmaken
638,,,Skidoo,2211405150,Betaald
639,Cynthia Jelk,candrellihq@marriott.com,,,Betaald
640,,,Feedfish,0103318550,Beschadigd
641,Esme Dowdam,ppothburyhs@theguardian.com,,,Betaald
642,Olimpia Eilhart,kleagasht@bigcartel.com,,,Lopend
643,Agneta Lubbock,bgoadehu@umn.edu,,,Betaald
644,Clotilda Goudy,mmartinohv@dagondesign.com,,,Betaald
645,,,Aivee,3009028032,Betaald
646,Griz Bagshawe,rschubarthx@adobe.com,,,Geleverd
647,Carole Heck,cturmelhy@pagesperso-orange.fr,,,Lopend
648,Aguste Holehouse,gattohz@jigsy.com,,,Lopend
649,Birgitta Jaycock,rgiovanardii0@ezinearticles.com,,,Klaarmaken
650,Keefe Mewton,bkestelli1@naver.com,,,RetourInStock
651,Corty Seagrove,rmacqueeni2@livejournal.com,,,Lopend
652,,,Flashpoint,1158334753,Betaald
653,,,Meetz,2282023188,Lopend
654,Johnnie Corbert,lsuarti5@github.io,,,Lopend
655,Vanny Decroix,zsinki6@a8.net,,,Lopend
656,Hatty MacRonald,tpringlei7@google.co.jp,,,Lopend
657,Lou Darnell,pwebeni8@examiner.com,,,Geleverd
658,,,Innojam,2929643811,Lopend
659,Gaby Geratt,tcomeria@4shared.com,,,Betaald
660,Kellby Ansley,gsouzaib@blinklist.com,,,Lopend
661,,,Npath,6786390765,RetourInStock
662,Matthew Hargreves,aleupoldtid@deviantart.com,,,Betaald
663,Devin Jahner,hjonkeie@nytimes.com,,,RetourInStock
664,Odele Smitton,mortellsif@shop-pro.jp,,,Verloren
665,,,Skyba,7846265709,Lopend
666,Malena Greensides,smuirih@reddit.com,,,Geleverd
667,,,Oozz,8592009537,Onderweg
668,,,Kwimbee,2810727163,Betaald
669,Sherye Girardey,esmallsmanik@oaic.gov.au,,,Lopend
670,Paton Mallalieu,tbrasseil@sciencedaily.com,,,Lopend
671,Jonathon Inglese,gdumbellim@google.it,,,Lopend
672,,,Pixoboo,8563383337,Lopend
673,,,Demimbu,3798150907,Lopend
674,Kameko McGurgan,bharrowingip@patch.com,,,RetourInStock
675,Marjy Huntly,dspurdeniq@exblog.jp,,,Beschadigd
676,Hercule Moncur,cwillingaleir@woothemes.com,,,RetourInStock
677,Marlin Hasling,zhoferis@yandex.ru,,,Betaald
678,,,Voonte,0642345244,Betaald
679,Alexandre Spoure,jseydlitziu@yale.edu,,,Klaarmaken
680,Corina Frantzen,lflaggiv@google.es,,,Lopend
681,Jose Say,abowlingiw@arizona.edu,,,RetourInStock
682,Nolana Freeborne,vfisbeyix@woothemes.com,,,Lopend
683,,,Quamba,7670767812,Lopend
684,Silas Laban,zmuscatiz@oracle.com,,,Betaald
685,,,Edgewire,9407490939,Klaarmaken
686,Cedric Girdwood,ahuttleyj1@alexa.com,,,RetourInStock
687,Birgit Sattin,aschultj2@tripadvisor.com,,,Onderweg
688,Blake Gittose,eweatherheadj3@google.com.au,,,Klaarmaken
689,Darlleen Gonzalo,fjimpsonj4@economist.com,,,Retour
690,Arne Makinson,arowberryj5@twitpic.com,,,Betaald
691,,,Rhybox,2181971528,Onderweg
692,Henrie Antoniou,cethelstonj7@chron.com,,,Betaald
693,,,Mynte,0204998611,Betaald
694,,,Twitternation,9495846919,Geleverd
695,,,Dabjam,4555326318,Klaarmaken
696,Kevyn Threader,bgudemanjb@google.es,,,Geleverd
697,,,Tagpad,9297935133,RetourInStock
698,,,Dazzlesphere,7700691541,Betaald
699,Herve Longmaid,fforresterje@about.com,,,Lopend
700,Brigitte Boullen,ometterickejf@desdev.cn,,,Betaald
701,,,Tekfly,4118338831,Klaarmaken
702,Thekla Samper,eguyetjh@omniture.com,,,Lopend
703,,,Voomm,5711135694,Lopend
704,,,Skimia,1021792632,RetourInStock
705,,,Browsedrive,9461462328,Lopend
706,Alasteir Gaylard,sciccottojl@weebly.com,,,Lopend
707,,,Rhycero,8352936727,Betaald
708,,,Trunyx,1923296132,Klaarmaken
709,Christie Hurcombe,htomsettjo@dailymail.co.uk,,,Betaald
710,Jocelyne Body,ckilleenjp@yellowpages.com,,,Lopend
711,Shanta Dowell,dcurrumjq@aboutads.info,,,Lopend
712,,,Photojam,4011910937,Betaald
713,Isac Tremblot,nwavishjs@answers.com,,,Geleverd
714,,,Avavee,1190415763,Lopend
715,Ron Ferrarese,clintsju@sina.com.cn,,,Retour
716,Ashleigh Crickmoor,vmacguffogjv@webnode.com,,,Onderweg
717,Helsa Legion,lcogglesjw@psu.edu,,,Lopend
718,Maynord Zeal,jdohmerjx@mashable.com,,,Betaald
719,Vergil Dudson,vcitrinejy@dion.ne.jp,,,RetourInStock
720,Maggi Brace,usegoejz@oakley.com,,,Lopend
721,Jarad Meert,aflipekk0@friendfeed.com,,,Lopend
722,Diena Mannix,jrennlesk1@examiner.com,,,Lopend
723,Leonore Druitt,gwyllcockk2@mapquest.com,,,Betaald
724,,,Eidel,0556931491,Lopend
725,Myrle Lawrenson,teaglek4@tiny.cc,,,RetourInStock
726,Ernestine Soal,lcostek5@cnet.com,,,Klaarmaken
727,Tito Troppmann,tmaddickk6@fda.gov,,,Geleverd
728,,,Myworks,6720987119,Lopend
729,Woodie Sange,cboddamk8@techcrunch.com,,,Lopend
730,Giselbert Trimming,nclarksonk9@spotify.com,,,Verloren
731,,,Topicblab,6850633155,Lopend
732,Rachael Suddell,tgellandkb@storify.com,,,Verloren
733,Bernette Dicker,hmarneykc@istockphoto.com,,,Klaarmaken
734,Job Synnott,lhilhousekd@hexun.com,,,Lopend
735,Kata Kelle,cmcquiltyke@go.com,,,Betaald
736,,,Kwimbee,2764906927,Betaald
737,Zonda MacAindreis,ispottiswoodkg@indiatimes.com,,,Betaald
738,Devina Wolverson,lyatemankh@cbsnews.com,,,Betaald
739,Sanford Kittiman,mdillamoreki@upenn.edu,,,Betaald
740,,,Voolith,1977371957,Betaald
741,,,Kayveo,9150009141,Betaald
742,,,Centidel,0407218041,Betaald
743,Karoline Killbey,kkoliskm@amazonaws.com,,,RetourInStock
744,,,Edgewire,3094026893,Onderweg
745,Faustina Bunstone,cjaggsko@gizmodo.com,,,RetourInStock
746,Vivie Clive,ichisnallkp@rambler.ru,,,RetourInStock
747,Miranda Evans,tsturmkq@goodreads.com,,,Lopend
748,Berget Nelthropp,bchichgarkr@google.co.jp,,,RetourInStock
749,Mady Enevold,pmcvityks@weibo.com,,,Geanuleerd
750,,,Photolist,6607006213,Retour
751,Herta Muehle,ochettleku@about.com,,,Onderweg
752,Binny Perchard,ltaplinkv@washington.edu,,,Onderweg
753,Sibylle Longlands,lblaycockkw@wordpress.org,,,Betaald
754,Maribel Rosbottom,ccecelykx@disqus.com,,,Betaald
755,Felecia Guiot,sburfordky@berkeley.edu,,,Lopend
756,,,Fivebridge,8294270873,Onderweg
757,Ole Hessle,hffrenchl0@networkadvertising.org,,,Betaald
758,Willette Brickham,bgilbodyl1@sohu.com,,,Lopend
759,,,Topiczoom,7262328484,Retour
760,Perry Cavil,tpresdeel3@yahoo.com,,,Lopend
761,,,Feedmix,8088309115,Lopend
762,,,Rhyloo,8718782280,Betaald
763,Tish Pedican,bmoylanel6@360.cn,,,Retour
764,Emile Sibthorp,ckeytel7@exblog.jp,,,Geleverd
765,Deeyn Du Plantier,nnoell8@accuweather.com,,,Geleverd
766,Niko Valiant,yburdusl9@dropbox.com,,,Betaald
767,Lu Bernakiewicz,kwarcupla@oracle.com,,,Lopend
768,,,Lazz,5547633399,Geleverd
769,,,Kwimbee,3901027890,Lopend
770,Joseito O'Kinneally,mslidesld@thetimes.co.uk,,,Betaald
771,,,Leexo,1023741377,Betaald
772,Vally Sugden,ljennolf@google.es,,,Betaald
773,,,Trunyx,3226929879,Betaald
774,,,Quimba,1856112128,Lopend
775,Abbie Dalgarnocht,vstorrli@istockphoto.com,,,Betaald
776,Dorey Blamires,galfonsinilj@indiatimes.com,,,Onderweg
777,,,Edgeblab,2651832758,RetourInStock
778,Balduin McIlhagga,abonifazioll@ucla.edu,,,Beschadigd
779,Maximo Lante,rsandercocklm@devhub.com,,,Geleverd
780,Anita Dunseath,mgameln@miibeian.gov.cn,,,Lopend
781,Edyth Cuseck,cwharltonlo@cpanel.net,,,Lopend
782,,,Kimia,2987068883,Betaald
783,,,DabZ,7502989595,Betaald
784,Clevey Acheson,ssabbanlr@dot.gov,,,RetourInStock
785,Mechelle Renault,rtunnicliffels@jimdo.com,,,Lopend
786,Maegan Rodder,ebilbylt@angelfire.com,,,Lopend
787,Adara MacKimm,chabbertlu@toplist.cz,,,Verloren
788,,,Pixope,5724928949,Lopend
789,,,Yodo,1158365624,Betaald
790,Lib Devoy,ocullumlx@vinaora.com,,,Betaald
791,Paloma Hanton,jkirwanly@livejournal.com,,,Geleverd
792,Martainn Franchi,scosinslz@posterous.com,,,Betaald
793,Peggi Willder,bungerechtsm0@ask.com,,,Lopend
794,Ashley Biddlecombe,lmertgenm1@miibeian.gov.cn,,,Geleverd
795,,,Youspan,2258670454,Betaald
796,Caspar Maasz,dewbachm3@hibu.com,,,Geleverd
797,Philis Lansley,mbarliem4@imageshack.us,,,Betaald
798,Urbain Hurtic,dmorcombm5@marketwatch.com,,,Verloren
799,,,Thoughtbeat,2413154582,Betaald
800,Eb Wadman,cfishem7@howstuffworks.com,,,Geleverd
801,Barbi Orcas,estaileym8@nymag.com,,,Lopend
802,Hally Sweetman,ajoblingm9@businessinsider.com,,,Verloren
803,Maxy Draysey,pbartolozzima@xinhuanet.com,,,Verloren
804,Bettina Gheerhaert,avibertmb@ca.gov,,,Lopend
805,Iggy Minister,igrundonmc@wikispaces.com,,,Geleverd
806,Anabel Van Der Walt,sspavonmd@facebook.com,,,RetourInStock
807,,,Quimm,9252425179,RetourInStock
808,,,Chatterpoint,7718380157,Lopend
809,Bobbee Kingham,cphippinmg@epa.gov,,,Betaald
810,Dame Babidge,kgamblemh@archive.org,,,Betaald
811,Gusti Singleton,hfellonmi@odnoklassniki.ru,,,Onderweg
812,,,Shuffledrive,7954133249,Geanuleerd
813,,,Yakidoo,9903190182,Betaald
814,Jermain Twelves,ahaggerstonml@google.co.uk,,,Betaald
815,,,Livefish,1418142794,Betaald
816,,,Jabbercube,9976546637,Betaald
817,Bran Flindall,bdunphymo@businessweek.com,,,Betaald
818,,,Ntag,4699652891,Lopend
819,Adolphus Mathewson,nkleinlerermq@google.fr,,,Lopend
820,Randi Garrick,slafaymr@vimeo.com,,,Lopend
821,Hillier Holwell,dsimmondsms@geocities.com,,,RetourInStock
822,Orton Maund,chalfpennymt@twitter.com,,,Betaald
823,Orrin Wintringham,zspontonmu@cbsnews.com,,,Verloren
824,Levin Gommey,hlockwoodmv@npr.org,,,Geleverd
825,Tabbitha Bindley,lstovesmw@cnbc.com,,,Lopend
826,Immanuel Evitts,hgiacopelomx@vistaprint.com,,,Lopend
827,Darin Laxon,kvadermy@biblegateway.com,,,Betaald
828,Lothario Mottershead,lstigglesmz@bravesites.com,,,Lopend
829,Cal Devereu,hramalheten0@issuu.com,,,Betaald
830,Felice O'Devey,cstartinn1@java.com,,,Betaald
831,Brigham McCoveney,dturveyn2@google.com.hk,,,Betaald
832,Efrem Grievson,rneelyn3@pcworld.com,,,Lopend
833,Gerick Flanders,hbernadonn4@si.edu,,,Betaald
834,,,Edgeclub,1696170990,Lopend
835,,,Skinix,8572489797,Beschadigd
836,Ivie Colum,tphoenixn7@dedecms.com,,,Beschadigd
837,,,Voolia,4275827422,Geleverd
838,Waverley McCrohon,scescotn9@state.gov,,,Klaarmaken
839,,,Babblestorm,9842333809,RetourInStock
840,Emmeline Akaster,tpuddennb@pbs.org,,,Geleverd
841,Zacharia Flott,erowlattnc@eepurl.com,,,Geleverd
842,,,Jabberbean,3647049697,Betaald
843,Joanie Tellenbrok,daddiene@tinypic.com,,,Betaald
844,Regine Galliver,vwykesnf@nifty.com,,,Lopend
845,Lianne Vanin,jcolebeckng@qq.com,,,Betaald
846,,,Twinte,0517845598,Geleverd
847,,,Rhycero,4877403914,Lopend
848,Nicolette Abbitt,aosannenj@linkedin.com,,,Betaald
849,,,Dynabox,5774639711,RetourInStock
850,Karlen Beckinsale,imquhargnl@pcworld.com,,,Lopend
851,Caldwell Tidcombe,jsyvretnm@addtoany.com,,,Betaald
852,Cristin Marxsen,gbeldonnn@admin.ch,,,Lopend
853,Loydie Donaldson,vmuatno@smugmug.com,,,Betaald
854,Joella Grahl,ssethnp@google.com.br,,,Beschadigd
855,Mariejeanne Graver,sfranzininq@imageshack.us,,,Lopend
856,,,Gevee,1083381539,Betaald
857,,,Photobug,2655958667,Onderweg
858,,,Jayo,3387937652,Lopend
859,,,Jaloo,8193919750,Onderweg
860,Oriana Vevers,cbalchnv@soundcloud.com,,,Klaarmaken
861,,,Lazz,4819178091,Lopend
862,Norry Passmore,ldrysdellnx@reference.com,,,Klaarmaken
863,,,Topicshots,2545291501,Lopend
864,Allyn Pilling,cjoshnz@pagesperso-orange.fr,,,Geleverd
865,,,Quatz,1183588593,Betaald
866,Kin Keyden,emanuso1@intel.com,,,RetourInStock
867,Lyndel MacQueen,cdiggleso2@g.co,,,Lopend
868,Gabriella Kemery,njindaceko3@twitter.com,,,RetourInStock
869,Haslett Madders,gkienleino4@deviantart.com,,,Betaald
870,Bethany Peyntue,lmingassono5@dedecms.com,,,Geleverd
871,Uri Kilday,kmcavincheyo6@buzzfeed.com,,,Onderweg
872,Englebert Fantham,cworlando7@360.cn,,,Lopend
873,Cly Parcell,kbateso8@nasa.gov,,,Betaald
874,Malissa Manifield,lbridleo9@cbslocal.com,,,Lopend
875,,,Pixonyx,8287420377,Betaald
876,,,Rhyloo,2161954679,Betaald
877,,,Cogidoo,8406906030,Betaald
878,Nickolas Beecker,rpaddemoreod@deviantart.com,,,Lopend
879,Laurella Davidzon,bdaeloe@boston.com,,,Betaald
880,Callean Saxby,hbeamentof@nasa.gov,,,Klaarmaken
881,Maxim Pembery,bbethuneog@discovery.com,,,Betaald
882,Kirbie Poytres,tkubisoh@theguardian.com,,,Betaald
883,Omar Vaadeland,aeagersoi@ovh.net,,,Geleverd
884,Carlos Cardno,alovegroveoj@rakuten.co.jp,,,Geleverd
885,Christy Jirek,hbellerbyok@jimdo.com,,,Betaald
886,Mayne Balden,bsnowdenol@purevolume.com,,,RetourInStock
887,,,Skilith,9635219229,Verloren
888,,,Eare,1906701490,Betaald
889,,,Realbuzz,4806740756,Klaarmaken
890,Claudian Bour,csellimanop@cdc.gov,,,Retour
891,Malena Merrydew,brothermeloq@pbs.org,,,Betaald
892,,,Aibox,8951182908,Betaald
893,Meade Ewin,hfillimoreos@noaa.gov,,,Lopend
894,Mead De Carlo,sbarrasot@sbwire.com,,,Betaald
895,Nicole Aiskovitch,ljovovicou@va.gov,,,Verloren
896,,,Zooxo,6676928183,Betaald
897,Brigitta Botha,sbastimanow@webnode.com,,,Betaald
898,Harriett Starr,mduleyox@slideshare.net,,,Klaarmaken
899,Giraud Abramovitch,odibernardooy@jigsy.com,,,Lopend
900,Janeczka Birchill,atellwrightoz@g.co,,,Lopend
901,Chelsy Frango,imccartp0@mapy.cz,,,Betaald
902,Rhonda Thomelin,jloundsp1@stanford.edu,,,Betaald
903,Alyssa Sally,mtunuyp2@apache.org,,,RetourInStock
904,,,Twinte,1300805986,Onderweg
905,Levi Ferroni,rpierpointp4@youtu.be,,,Betaald
906,Raoul Constantine,enafzgerp5@yandex.ru,,,Betaald
907,Lanna Bogue,rdesseinep6@nhs.uk,,,Geleverd
908,Marlena Pauli,nheditchp7@facebook.com,,,Betaald
909,,,Abatz,6392741879,Klaarmaken
910,,,Jaloo,3437508776,Betaald
911,,,Trudeo,5630869507,Lopend
912,,,Topdrive,7366504041,Betaald
913,Grayce Licence,kegleofgermanypc@ucsd.edu,,,Betaald
914,Dorry McKnish,bsoperpd@nationalgeographic.com,,,Lopend
915,,,Rooxo,4923838728,Lopend
916,Shelley Realy,ntheriotpf@amazon.co.uk,,,Betaald
917,Rebecca Pregel,icasinapg@ft.com,,,Betaald
918,Etty Burbage,fthaxtonph@privacy.gov.au,,,Onderweg
919,Rourke Muspratt,hmulroypi@hp.com,,,Geleverd
920,Dolley Powdrill,mgouldstonepj@princeton.edu,,,Betaald
921,,,Quamba,8359837600,RetourInStock
922,Riley Tesche,wmurricanespl@canalblog.com,,,Onderweg
923,Gwenore Corwood,kteeneypm@mapy.cz,,,Betaald
924,Rosabella Putnam,acarreyettepn@meetup.com,,,Onderweg
925,,,Jetpulse,6736864690,Lopend
926,Elias Greasley,dbonesspp@time.com,,,Betaald
927,,,Fiveclub,6983215982,Betaald
928,Carney Takkos,dgummorypr@chron.com,,,Betaald
929,Monro Hamfleet,dmarquesps@addthis.com,,,Betaald
930,Cesar Boldison,pwiggettpt@columbia.edu,,,Lopend
931,Tad Oldroyd,tmaskellpu@pinterest.com,,,Lopend
932,Cyndi Robjents,mmarienpv@miitbeian.gov.cn,,,Betaald
933,Darius Greenleaf,bnewsteadpw@eventbrite.com,,,Betaald
934,Jae Beake,lsheardpx@cbslocal.com,,,RetourInStock
935,,,Gabvine,1606683403,Betaald
936,Rodolph Benardette,btarlingpz@blogspot.com,,,Lopend
937,,,Realbridge,0079038379,Lopend
938,,,Voonder,2126870111,Betaald
939,,,Devshare,2853310477,Betaald
940,Kathlin Noone,rbartloszq3@hhs.gov,,,Klaarmaken
941,Ajay Pea,mdickensq4@upenn.edu,,,Betaald
942,,,Bubbletube,2446660681,Betaald
943,,,JumpXS,1788723643,Betaald
944,,,Avamm,3893455078,Betaald
945,Hervey Webberley,jollerhadq8@stanford.edu,,,Betaald
946,Dougy Dewes,aswinfenq9@cdc.gov,,,Lopend
947,Berte Twaits,ggyppesqa@fastcompany.com,,,Betaald
948,Goldarina Thorington,ktombsqb@usda.gov,,,Betaald
949,Vin Paffitt,gnorburyqc@adobe.com,,,Klaarmaken
950,Emelita Smallridge,twoolardqd@howstuffworks.com,,,Betaald
951,Kelly Kitney,ydoubledayqe@utexas.edu,,,Betaald
952,,,Thoughtsphere,9224877540,Betaald
953,Veronika Scantleberry,ejoyceqg@github.com,,,Betaald
954,Ben Pattenden,epretiousqh@vinaora.com,,,Betaald
955,,,Rhynyx,0520498917,Betaald
956,Lyle Littell,ksquibeqj@hp.com,,,Onderweg
957,Zoe Rames,tmarfellqk@bloomberg.com,,,Geanuleerd
958,Gavan Seaward,nchestersql@upenn.edu,,,Betaald
959,Morrie Boorer,vwilmutqm@altervista.org,,,RetourInStock
960,Laina Drohane,acamamileqn@unc.edu,,,Betaald
961,Gaelan Barbe,ekelshawqo@ycombinator.com,,,Geanuleerd
962,Kathi Cawthery,halbanyqp@unesco.org,,,Betaald
963,Rafaela Grewes,ctimoneyqq@nbcnews.com,,,Onderweg
964,Arly Roels,lhavesidesqr@de.vu,,,RetourInStock
965,Auberta Franchyonok,mbomeqs@aboutads.info,,,Klaarmaken
966,Nonah Schooley,ramysqt@furl.net,,,Lopend
967,Caron Critoph,pberteletqu@booking.com,,,Betaald
968,,,Zoovu,6638473859,Lopend
969,Alfonso Rogez,imenearqw@twitpic.com,,,Lopend
970,,,Ailane,9970218638,Lopend
971,Sibella McElrea,ceastwayqy@alexa.com,,,RetourInStock
972,Hank Endle,ateazeqz@chron.com,,,Lopend
973,Rube Ciccone,cdevillierr0@ow.ly,,,Betaald
974,,,Divape,6955403583,Betaald
975,Jessamyn Attride,rhallwellr2@yale.edu,,,RetourInStock
976,,,Katz,8814951608,Klaarmaken
977,Chrystal Swale,mshuttleworthr4@umn.edu,,,Lopend
978,Emelita Ledson,bosgerbyr5@wisc.edu,,,Betaald
979,Jess Nisius,cackhurstr6@usgs.gov,,,Retour
980,,,Trunyx,5511003344,Klaarmaken
981,Kerry Piola,gseabrooker8@example.com,,,RetourInStock
982,Elva Von Welldun,vsikorskir9@google.co.uk,,,Geleverd
983,Dicky Hans,geckhardra@about.me,,,Lopend
984,,,Zava,3450742442,Beschadigd
985,Pascal Baitey,dhaquardrc@wiley.com,,,Lopend
986,,,Thoughtmix,7152522162,Betaald
987,Georgeanne Stooders,kcollymorere@ask.com,,,Verloren
988,Lemmy Allewell,kdarleyrf@gizmodo.com,,,RetourInStock
989,Gay Riteley,sschukertrg@phpbb.com,,,Lopend
990,Kathryne Innot,vpollettrh@tinyurl.com,,,Betaald
991,Madelena Meader,sborleaseri@huffingtonpost.com,,,Betaald
992,Randall Tarbin,rduboisrj@istockphoto.com,,,Lopend
993,Kamillah Sollime,krasperrk@devhub.com,,,Lopend
994,,,Feedspan,0533406129,Betaald
995,,,Trilia,0656980796,Lopend
996,,,Youspan,1914737539,Klaarmaken
997,Halsy Peel,ethickettro@creativecommons.org,,,Klaarmaken
998,Cherilyn Shearsby,rterryrp@wordpress.org,,,Betaald
999,Eada Haggish,awhysallrq@scribd.com,,,Lopend
1000,Ernesta Chaman,dcogswellrr@1und1.de,,,Betaald
