Id,BestelDatum,Klantnaam,Familinaam,Email,Bedrijfnaam,BtwNummer,Status
1,2017-07-16 01:46:42,Phyllida,Vidgen,ctarplee0@fda.gov,,,Betaald
2,2010-12-23 23:32:39,Neron,Sallings,dchellenham1@cbslocal.com,,,Betaald
3,2013-09-19 09:59:16,,,,Dabfeed,0970111959,Betaald
4,2021-09-19 15:25:34,Dulcinea,Pautard,mlinch3@amazon.com,,,Betaald
5,2017-06-26 20:28:55,Brooks,Haverson,gmclaughlin4@acquirethisname.com,,,Betaald
6,2011-01-25 09:37:44,Ruperta,Dudleston,lhelmke5@dailymotion.com,,,Geleverd
7,2011-09-01 21:15:44,Alair,Tungate,adomleo6@redcross.org,,,Betaald
8,2023-10-01 13:40:23,Larine,Feaviour,rpettigree7@redcross.org,,,Betaald
9,2014-12-27 21:47:44,,,,Innojam,0529353962,Betaald
10,2022-10-24 22:59:30,Ford,de Copeman,eliccardi9@moonfruit.com,,,RetourInStock
11,2018-08-25 05:24:43,Dilan,Ather,bcapnerhursta@flickr.com,,,Betaald
12,2011-12-22 13:12:52,,,,Oyonder,5156618960,Onderweg
13,2014-08-22 03:41:59,Georgianna,Leighfield,lbaynomc@google.nl,,,Lopend
14,2020-07-25 04:36:30,,,,Vinder,6986197888,Betaald
15,2019-03-04 05:35:39,Ernestine,Gariff,fshorthousee@ox.ac.uk,,,Betaald
16,2016-09-23 11:48:41,Connor,Pedwell,dedneyf@archive.org,,,RetourInStock
17,2021-08-23 09:20:48,Valentine,MacPharlain,dmeenehang@vimeo.com,,,Betaald
18,2022-03-22 21:09:54,,,,Kare,3565708166,RetourInStock
19,2010-10-29 18:02:45,,,,Myworks,9965484422,Retour
20,2010-10-11 12:25:25,,,,Kazu,9255355902,Betaald
21,2014-12-30 05:22:49,Lorelei,Klima,avallancek@lulu.com,,,Betaald
22,2020-02-27 00:33:57,Darin,Pauls,rwaplel@123-reg.co.uk,,,Lopend
23,2015-06-22 14:36:27,,,,Eabox,5735443437,Lopend
24,2012-04-05 21:11:36,,,,Digitube,6593736686,Betaald
25,2022-10-05 01:45:38,,,,Babbleset,9685519234,Retour
26,2020-03-25 10:13:36,,,,Zoonder,2387997840,Betaald
27,2016-09-04 06:32:03,Vaughn,Alderwick,kmeadsq@blogtalkradio.com,,,Betaald
28,2021-12-03 18:16:23,Sebastian,Issacof,ndunridger@dropbox.com,,,Retour
29,2012-12-14 16:39:15,Florance,Noah,tpolles@bigcartel.com,,,Beschadigd
30,2016-08-08 21:20:45,Norma,Robertet,eablettt@creativecommons.org,,,Retour
31,2023-12-22 04:43:30,Cliff,Ouldcott,okmentu@cdbaby.com,,,Verloren
32,2021-06-08 20:37:47,Raychel,Menco,hantonowiczv@fc2.com,,,RetourInStock
33,2019-01-25 20:33:17,,,,Voonix,3465777727,Betaald
34,2021-12-04 17:39:04,,,,Roombo,4913279327,Betaald
35,2019-11-23 20:53:10,,,,Zoonoodle,8177472089,Betaald
36,2022-08-15 22:15:06,Quinn,Biffin,ggatteridgez@kickstarter.com,,,Klaarmaken
37,2015-09-23 18:26:16,Moise,Petranek,aeyckelbeck10@engadget.com,,,Betaald
38,2013-05-16 20:42:03,Immanuel,Sebring,hgonzales11@posterous.com,,,Geleverd
39,2017-09-21 08:52:26,Gardner,Tourner,esivyour12@1688.com,,,Betaald
40,2021-09-24 03:22:59,Ninon,Davidzon,gadney13@independent.co.uk,,,Betaald
41,2011-10-25 19:00:17,Ashby,Ambrozewicz,dmayfield14@google.com.au,,,Betaald
42,2023-11-17 09:19:48,Goddart,Aguirrezabal,nvanhove15@usgs.gov,,,Retour
43,2023-05-26 20:02:25,,,,Jayo,0132967502,Betaald
44,2012-10-06 12:36:25,Bryn,Glaves,gschimpke17@clickbank.net,,,Beschadigd
45,2012-10-03 10:53:22,Solomon,Rotlauf,odavsley18@hibu.com,,,Betaald
46,2012-11-11 09:24:42,Cookie,Willder,aharrowsmith19@shareasale.com,,,RetourInStock
47,2009-11-24 05:14:34,Amelita,Snoday,callberry1a@ycombinator.com,,,Geannuleerd
48,2018-12-25 23:40:44,Natty,Mungan,rsachno1b@intel.com,,,Beschadigd
49,2024-01-11 17:30:53,Frieda,Scimone,loslar1c@mapy.cz,,,Lopend
50,2024-07-01 08:25:10,Christi,Budnik,agarton1d@lycos.com,,,Betaald
51,2015-07-16 05:42:43,Bobby,Sargent,rhugonnet1e@dot.gov,,,RetourInStock
52,2012-04-14 18:27:02,Hazel,Dreakin,lkaiser1f@ning.com,,,Lopend
53,2020-06-16 22:47:07,Rhona,Standidge,acoumbe1g@t-online.de,,,Betaald
54,2022-10-06 04:25:09,Albertina,Lanceley,awitherden1h@si.edu,,,Lopend
55,2021-01-09 08:12:22,,,,Abatz,7692216037,Onderweg
56,2017-06-23 02:21:00,Bobbie,Illingworth,rbrunon1j@uol.com.br,,,Lopend
57,2016-01-05 13:38:04,,,,Zooxo,5804141562,Lopend
58,2023-09-28 00:07:39,,,,Buzzshare,4539937677,Lopend
59,2023-02-22 22:11:26,Benedicta,Swane,sgergus1m@virginia.edu,,,RetourInStock
60,2017-03-24 20:58:37,Ange,Powers,pgreaterex1n@ameblo.jp,,,Betaald
61,2013-11-13 08:39:37,Isaiah,Lemar,rfedorchenko1o@sphinn.com,,,Lopend
62,2023-04-20 22:31:09,Annamarie,Marsh,emcalarney1p@pen.io,,,Betaald
63,2022-03-03 20:34:39,,,,Demivee,7044534228,Betaald
64,2016-02-25 03:58:39,,,,Tambee,3991926377,Klaarmaken
65,2015-12-14 15:41:04,Martino,Haliburton,tbeeckx1s@ibm.com,,,Betaald
66,2021-11-27 09:32:11,Lonnie,Sneddon,llarrington1t@bandcamp.com,,,Geleverd
67,2016-01-11 08:39:43,Jewell,Banister,ksaiger1u@newyorker.com,,,Lopend
68,2015-07-25 23:10:16,Michel,Maggi,rtether1v@fotki.com,,,Retour
69,2015-03-15 20:58:53,Pierre,Bennough,cmcconway1w@1688.com,,,Betaald
70,2017-05-25 02:40:25,,,,Bubbletube,1699062366,Geleverd
71,2016-03-14 17:43:18,Ansel,Dohr,cskoate1y@ucsd.edu,,,Retour
72,2020-07-26 23:43:10,Gerek,Carlozzi,ogiffard1z@businessweek.com,,,RetourInStock
73,2012-09-05 17:47:56,Daffy,Tombling,btrousdale20@google.com.hk,,,Betaald
74,2020-09-20 02:18:49,,,,Tambee,3981752805,Lopend
75,2021-11-17 00:29:20,Stanton,Dagless,apavy22@de.vu,,,Betaald
76,2012-05-31 20:40:53,Cairistiona,Fearon,bbrims23@si.edu,,,Betaald
77,2018-07-09 20:19:48,Lani,Gash,ivasilmanov24@flavors.me,,,Betaald
78,2013-11-08 05:47:14,Chickie,Colmer,bbodega25@google.com.au,,,Lopend
79,2020-11-02 23:58:36,Thomasine,Grist,toneary26@latimes.com,,,Betaald
80,2022-02-11 22:56:50,Marielle,Ortiger,kcoughlan27@go.com,,,Betaald
81,2012-12-06 05:52:32,Celeste,Brambill,rrandleson28@amazon.co.jp,,,Betaald
82,2011-09-29 02:12:35,Rudie,Antos,sbaudic29@cbslocal.com,,,Lopend
83,2023-05-15 03:22:14,Wally,Norledge,jkirley2a@github.com,,,Lopend
84,2015-11-14 11:02:35,Wyn,Goggen,jgoldstraw2b@usa.gov,,,Betaald
85,2022-03-07 23:39:37,Adolphus,Almond,vsinney2c@npr.org,,,Geleverd
86,2015-08-24 11:21:18,Helaina,Monsey,tingree2d@ehow.com,,,Betaald
87,2013-08-18 13:37:01,,,,Aibox,2005638765,Betaald
88,2014-07-13 10:29:59,Betti,MacCaghan,kdensie2f@nps.gov,,,Betaald
89,2019-10-30 10:01:34,Eunice,Wahner,aparysowna2g@amazon.co.jp,,,Lopend
90,2013-07-17 17:41:19,Uriel,Pickthorn,ascotchmer2h@stanford.edu,,,Geleverd
91,2010-04-21 17:40:19,Marshal,Laborda,dclarage2i@zimbio.com,,,Betaald
92,2022-04-07 22:46:48,Ulric,Medcalfe,ccargen2j@miitbeian.gov.cn,,,Betaald
93,2010-09-27 09:19:44,Edna,Sherratt,mhenrys2k@hugedomains.com,,,Betaald
94,2020-01-14 11:58:16,Godfry,Minall,blippingwell2l@usda.gov,,,Lopend
95,2021-09-02 08:15:55,,,,Dabshots,5216690271,Beschadigd
96,2013-06-30 08:55:09,,,,Buzzster,6026922008,Retour
97,2016-12-27 00:34:27,Fairleigh,Sabati,mgartery2o@yale.edu,,,Geleverd
98,2022-07-18 01:43:30,Portie,O'Shiels,dshackesby2p@bbb.org,,,Geannuleerd
99,2023-01-30 13:02:36,Levon,Maskelyne,ballright2q@zimbio.com,,,RetourInStock
100,2010-05-01 19:51:26,Arabella,Andriesse,arabbage2r@edublogs.org,,,Betaald
101,2024-06-09 15:06:42,Richie,Knoller,fwebster2s@hao123.com,,,RetourInStock
102,2014-08-16 08:39:59,Conrad,Laugheran,pbignall2t@goo.ne.jp,,,Betaald
103,2016-08-17 10:57:51,,,,Dynava,7585023901,Geannuleerd
104,2024-01-06 21:37:34,,,,Wikivu,1544200765,Lopend
105,2015-02-02 17:03:27,Bronnie,Wayland,ddwyr2w@networkadvertising.org,,,Klaarmaken
106,2011-06-27 18:16:20,Filippa,Lezemere,dpinilla2x@ibm.com,,,Lopend
107,2021-07-25 22:19:13,Margaretha,Latey,mwiffler2y@amazon.co.jp,,,RetourInStock
108,2016-11-29 02:56:20,Erin,Braney,pslowgrove2z@economist.com,,,Betaald
109,2014-10-20 11:06:51,,,,Flipstorm,7440903331,RetourInStock
110,2022-05-14 08:47:57,,,,Plambee,7220805748,Betaald
111,2011-08-23 20:39:30,Lorrayne,Noto,mabotson32@yellowbook.com,,,Betaald
112,2014-03-03 05:26:02,Flin,Whether,bennever33@youku.com,,,Betaald
113,2011-07-24 04:35:53,Cathee,Yearnes,rgherarducci34@dion.ne.jp,,,RetourInStock
114,2017-02-15 06:35:47,Wilmette,Carpmile,browbotham35@fc2.com,,,RetourInStock
115,2016-03-14 17:56:49,Violante,Beaves,wchishull36@dedecms.com,,,Betaald
116,2011-03-21 00:19:20,,,,Blogtags,5377493834,RetourInStock
117,2020-07-23 21:39:28,Arnie,Edney,rdacres38@blogtalkradio.com,,,RetourInStock
118,2021-09-06 21:33:07,,,,Shuffledrive,4057345221,RetourInStock
119,2012-05-11 13:38:54,Angela,Malsher,bsprulls3a@sohu.com,,,Betaald
120,2024-06-17 09:18:31,Ludovico,Muspratt,aruggles3b@nydailynews.com,,,RetourInStock
121,2023-12-06 17:11:54,Benedetto,Keele,foxbrow3c@fda.gov,,,Klaarmaken
122,2012-03-04 15:09:50,Dal,Bonhill,apratchett3d@examiner.com,,,Betaald
123,2010-09-10 08:01:42,Nanette,Bore,nmacura3e@opensource.org,,,Geleverd
124,2023-01-14 00:31:41,Bird,Langcastle,drenals3f@surveymonkey.com,,,Lopend
125,2022-03-12 16:28:18,,,,Babbleopia,2073382487,Betaald
126,2022-02-06 21:59:12,,,,Gabspot,2983024733,Lopend
127,2022-11-07 06:59:07,,,,Blogpad,1746655402,Lopend
128,2019-03-31 18:22:18,Tuesday,Shakle,ccuddy3j@yandex.ru,,,Verloren
129,2012-12-15 09:32:45,Rafaello,Scuse,fdello3k@networkadvertising.org,,,Retour
130,2016-02-15 20:58:14,Brod,Rotchell,ggregori3l@aol.com,,,Betaald
131,2012-10-05 11:58:32,Currie,Robjohns,rletson3m@bravesites.com,,,Betaald
132,2024-08-12 08:55:06,,,,Jaxbean,5028146837,Geleverd
133,2011-11-08 07:09:58,,,,Cogilith,4613485452,Betaald
134,2021-09-27 05:54:36,Orelia,Inglis,rclavering3p@tamu.edu,,,Betaald
135,2021-03-01 19:30:34,Ertha,Trengrouse,ssandon3q@shop-pro.jp,,,RetourInStock
136,2015-01-09 05:59:05,Merl,Goodsal,gvalentine3r@whitehouse.gov,,,Betaald
137,2019-05-15 02:07:50,Goldi,Tatlowe,tcollocott3s@google.cn,,,Betaald
138,2018-12-19 23:04:19,,,,Kwimbee,1010904558,Betaald
139,2010-01-31 02:13:30,Shell,Huddlestone,ashinfield3u@go.com,,,Betaald
140,2022-04-20 15:58:22,Moore,Galiford,cixor3v@msu.edu,,,Lopend
141,2017-08-09 06:56:30,,,,Ntag,0577376268,Lopend
142,2010-10-08 06:47:19,Piotr,Ximenez,eastin3x@answers.com,,,RetourInStock
143,2015-06-11 08:34:29,Peadar,Rockhill,wmcguckin3y@ebay.co.uk,,,Lopend
144,2009-12-24 13:44:31,Ina,Tanswill,crowter3z@skype.com,,,Betaald
145,2019-04-04 11:16:48,Caria,Weldrake,hcecil40@networksolutions.com,,,Betaald
146,2021-03-16 19:14:06,Monty,Lundon,wspaice41@artisteer.com,,,Betaald
147,2016-11-14 18:45:57,Rachel,Starmont,ktranter42@drupal.org,,,Retour
148,2013-10-02 13:44:53,,,,Trudoo,5523744883,Betaald
149,2023-12-24 02:52:54,Renato,Hoggins,mkahn44@gov.uk,,,Betaald
150,2017-11-17 11:20:47,,,,Wordtune,0636703835,Betaald
151,2023-02-08 07:23:00,Oates,Bazley,dzorzetti46@tripod.com,,,Retour
152,2016-02-16 16:18:32,Cross,Tiery,nabels47@nytimes.com,,,Betaald
153,2021-04-01 13:57:02,Turner,Brummell,cblenkharn48@free.fr,,,Geleverd
154,2014-10-20 22:42:48,Celestine,Standon,rfeander49@nbcnews.com,,,Lopend
155,2016-10-18 08:57:45,Alexandrina,Ferraresi,tbromhead4a@moonfruit.com,,,Retour
156,2015-08-29 10:26:12,Basil,Jaulme,mkobel4b@csmonitor.com,,,Betaald
157,2017-01-21 20:25:36,Ofelia,Yakebowitch,dleming4c@360.cn,,,RetourInStock
158,2022-12-14 11:41:41,Chris,Lammie,jbarde4d@sina.com.cn,,,RetourInStock
159,2019-09-03 21:38:41,Jarib,Kilmary,aduffin4e@alibaba.com,,,Betaald
160,2022-12-17 11:29:28,Luigi,Emanson,twemm4f@imageshack.us,,,Betaald
161,2010-09-15 09:36:14,Brinna,Strachan,ebedrosian4g@imgur.com,,,Lopend
162,2023-04-10 17:27:51,Janean,Gabb,flambregts4h@nbcnews.com,,,Geleverd
163,2014-10-04 02:35:45,,,,Photofeed,1022568949,Betaald
164,2022-07-10 01:42:51,Bertina,Semeradova,csaynor4j@tinyurl.com,,,Retour
165,2021-01-18 22:55:29,Normand,Wildey,smorrish4k@163.com,,,Betaald
166,2019-10-17 02:12:42,Sigrid,Walls,bshearsby4l@businesswire.com,,,Betaald
167,2024-08-13 12:18:16,,,,Mynte,1324271612,Betaald
168,2021-11-16 12:36:20,Hanson,Pittson,amepham4n@creativecommons.org,,,Betaald
169,2019-11-12 15:01:57,Alexandr,Heyball,spetters4o@aol.com,,,Geannuleerd
170,2018-07-21 10:33:15,Tommie,Whissell,nbatrick4p@tamu.edu,,,Geannuleerd
171,2019-07-24 07:44:12,Sallyanne,Snewin,jcarrivick4q@alibaba.com,,,Retour
172,2016-12-29 11:03:49,Stacy,Spratling,hisaak4r@statcounter.com,,,Betaald
173,2011-05-25 15:35:02,Madeline,Bogace,tdennerly4s@mtv.com,,,Retour
174,2018-10-11 19:26:13,Kimberlyn,Ziemen,loluney4t@cloudflare.com,,,RetourInStock
175,2020-09-28 06:19:06,,,,Ntags,3602960293,Betaald
176,2022-06-27 22:39:25,,,,Edgetag,7427294246,RetourInStock
177,2024-01-12 04:10:15,,,,Roomm,5382716927,Betaald
178,2022-08-22 01:16:34,,,,Kimia,0534617220,RetourInStock
179,2018-05-28 05:56:10,Kiersten,Backhouse,hbrimfield4y@guardian.co.uk,,,Betaald
180,2024-03-05 08:14:10,Crosby,Jonuzi,ghasty4z@webnode.com,,,RetourInStock
181,2021-03-23 16:58:21,,,,Realbridge,5122402280,RetourInStock
182,2012-06-07 12:24:21,,,,Photolist,1642260444,Retour
183,2010-04-08 04:11:10,Napoleon,Brave,ccongreve52@last.fm,,,Retour
184,2014-07-24 04:52:06,Ax,Folder,lmatcham53@yale.edu,,,Verloren
185,2018-07-13 11:08:20,,,,Centizu,4522044542,Retour
186,2009-12-19 03:24:51,Candie,Jumeau,jordish55@liveinternet.ru,,,RetourInStock
187,2010-08-24 13:44:01,Mallory,Yuryaev,edrynan56@posterous.com,,,Betaald
188,2021-05-02 01:05:22,,,,Blogtags,9064210969,Geannuleerd
189,2024-04-18 19:22:46,Artemus,Jennings,scripps58@webmd.com,,,Betaald
190,2023-07-07 01:47:13,Dasya,Pickerill,fhrynczyk59@thetimes.co.uk,,,Betaald
191,2019-03-26 13:29:34,,,,Fivebridge,2811291431,Betaald
192,2022-12-26 12:34:29,Noami,Quodling,cmarquet5b@dedecms.com,,,Betaald
193,2015-07-22 18:41:31,Virginia,Learoyd,fbome5c@sciencedirect.com,,,RetourInStock
194,2014-06-10 21:29:19,Pacorro,Maltman,ctabard5d@wired.com,,,Betaald
195,2016-11-14 10:24:57,Daron,Lyttle,jleggen5e@thetimes.co.uk,,,Betaald
196,2015-05-24 12:37:23,,,,Livetube,2165237181,Betaald
197,2009-09-24 15:46:46,Major,Mullane,ptabbernor5g@businessweek.com,,,Betaald
198,2022-06-28 08:43:21,Liane,Castagneri,plemarchand5h@wordpress.com,,,Beschadigd
199,2011-08-01 05:22:08,,,,Muxo,5687119051,Betaald
200,2010-12-26 04:55:36,Jaye,Shingles,hteml5j@exblog.jp,,,RetourInStock
201,2019-04-22 11:53:05,Colleen,Fetters,vfilipczynski5k@newsvine.com,,,RetourInStock
202,2024-02-28 06:05:43,,,,Layo,7652267552,Verloren
203,2017-09-17 09:13:44,,,,Fatz,3939978329,Retour
204,2024-03-09 07:34:41,Freedman,Degli Abbati,msteiner5n@utexas.edu,,,RetourInStock
205,2022-12-28 18:24:37,Thorvald,Smetoun,khedling5o@mapy.cz,,,Betaald
206,2019-03-17 03:42:52,Aksel,Jewis,yrich5p@weebly.com,,,Betaald
207,2011-07-08 15:55:35,,,,Yabox,2784151409,Betaald
208,2014-04-27 23:35:23,,,,Gabspot,5487067007,Retour
209,2020-11-11 11:05:45,,,,Vipe,9262884451,Klaarmaken
210,2019-05-30 07:15:46,Prissie,Balnave,sprall5t@va.gov,,,Klaarmaken
211,2019-07-15 13:11:38,,,,Twitterbridge,6776449449,Betaald
212,2022-12-21 21:14:35,,,,Leexo,0337638063,Onderweg
213,2013-02-19 10:58:01,Gunner,Farmer,glambirth5w@webnode.com,,,Betaald
214,2010-12-20 02:34:29,,,,Feedspan,9773039994,Betaald
215,2017-07-12 16:53:47,,,,Dablist,0932702538,Retour
216,2021-11-07 20:04:07,Erik,Leuty,jcarsey5z@dot.gov,,,Betaald
217,2022-03-21 18:07:28,Laurella,Matejka,rkeady60@gnu.org,,,Lopend
218,2022-12-13 17:28:01,Paton,Bush,fhawkeswood61@tamu.edu,,,Betaald
219,2018-11-18 02:06:24,Radcliffe,MacDonogh,hrewan62@dmoz.org,,,Betaald
220,2024-01-28 16:17:26,Hayley,Cottey,frudgley63@usa.gov,,,Lopend
221,2010-05-08 15:06:24,Shel,Orring,cbirchall64@telegraph.co.uk,,,Geleverd
222,2019-04-01 10:08:55,Carling,Olive,rlansberry65@quantcast.com,,,Lopend
223,2011-10-27 12:44:20,Shaun,Hanster,sbaxstair66@cornell.edu,,,Betaald
224,2020-01-10 18:01:24,Cinderella,Townsend,dambrogelli67@sitemeter.com,,,Lopend
225,2014-03-05 20:47:59,,,,Twitterlist,9691405520,RetourInStock
226,2022-12-22 17:53:19,Judah,Clemmen,ibeever69@state.gov,,,Lopend
227,2014-12-10 22:45:04,Kellen,Stredder,dlatchford6a@gnu.org,,,Betaald
228,2024-03-09 17:40:19,,,,Demivee,8513665975,Betaald
229,2023-07-12 02:24:05,Carly,Pitson,gfindlater6c@youku.com,,,Betaald
230,2019-04-26 20:37:28,Dani,Georgeon,rmulkerrins6d@fc2.com,,,Retour
231,2012-01-14 02:48:01,,,,Quire,3971265901,Betaald
232,2010-05-19 06:13:20,,,,Abatz,9286670389,Betaald
233,2023-11-28 23:27:58,Eirena,Good,pnorrington6g@is.gd,,,Lopend
234,2024-07-05 00:36:04,Bernadina,Renshaw,ocoppenhall6h@freewebs.com,,,Lopend
235,2017-12-08 17:10:22,Tybi,Hughill,nhowles6i@spotify.com,,,Betaald
236,2014-03-15 05:32:50,,,,Devpulse,4655562161,Onderweg
237,2014-02-19 18:31:46,Hyacintha,Burnep,nrollings6k@tripadvisor.com,,,Lopend
238,2014-11-24 01:46:32,,,,Zoonoodle,4758825203,RetourInStock
239,2014-06-27 09:11:43,Tallie,Clemmens,iida6m@flavors.me,,,RetourInStock
240,2010-08-11 04:21:12,Isa,Mattschas,tgypps6n@pbs.org,,,Betaald
241,2013-09-26 18:54:25,Olia,Brideaux,nleggon6o@geocities.jp,,,Betaald
242,2010-03-23 10:40:19,,,,Linkbridge,5576533429,Retour
243,2023-06-14 16:20:51,Nell,Kitchinghan,wroseburgh6q@pagesperso-orange.fr,,,RetourInStock
244,2018-11-11 02:47:42,Cecily,MacCague,gbracknall6r@webs.com,,,Betaald
245,2014-10-31 23:51:00,Veronique,Regelous,epeachman6s@delicious.com,,,Betaald
246,2022-08-10 08:53:42,,,,Abatz,9483967678,Betaald
247,2023-03-21 09:38:40,Maddi,Gallgher,gdrain6u@vk.com,,,Betaald
248,2016-11-15 00:19:53,Emeline,Spurritt,wglass6v@istockphoto.com,,,Betaald
249,2014-07-01 15:50:41,,,,Innotype,9593649336,Betaald
250,2019-02-27 14:51:49,Brigg,Narducci,bwhiskin6x@google.cn,,,Betaald
251,2019-02-17 14:28:14,Obed,Gomery,nelkington6y@usgs.gov,,,Betaald
252,2015-06-09 14:32:18,Koressa,Peckett,dscritch6z@merriam-webster.com,,,Betaald
253,2013-07-22 10:00:25,Thacher,Cowndley,thelleckas70@bravesites.com,,,Geleverd
254,2016-02-23 12:55:56,Barnard,Badham,skilfoyle71@edublogs.org,,,Betaald
255,2013-12-16 17:07:17,Jaquelyn,Charlot,gclatworthy72@go.com,,,Lopend
256,2014-02-23 00:32:38,Almeda,Mullins,lmargrie73@icq.com,,,Retour
257,2013-10-30 10:06:21,Corby,Furmagier,btritton74@cbsnews.com,,,Betaald
258,2013-01-26 04:12:04,Melony,Loxton,mhoff75@prweb.com,,,RetourInStock
259,2011-06-15 21:25:36,,,,Fiveclub,4734830770,Beschadigd
260,2011-11-12 17:18:21,,,,Izio,9115422763,Betaald
261,2023-08-03 00:34:36,,,,Viva,5960193256,Betaald
262,2016-10-16 14:09:20,Cosette,Falkus,pyacob79@amazon.co.uk,,,Lopend
263,2014-09-04 12:07:48,,,,Skynoodle,2356816801,Lopend
264,2013-06-25 11:42:04,Gard,Cleugher,vbonhome7b@cornell.edu,,,Betaald
265,2011-12-02 07:30:19,Marmaduke,Mussington,emilesap7c@zdnet.com,,,RetourInStock
266,2015-02-19 15:50:20,,,,Zoovu,0248561898,Betaald
267,2019-09-04 17:17:06,,,,Yoveo,8840379436,Betaald
268,2017-08-02 15:54:51,Yolande,Willis,dsimmon7f@abc.net.au,,,Betaald
269,2016-06-01 00:01:16,Nydia,Zanneli,bmead7g@tiny.cc,,,RetourInStock
270,2024-08-13 02:17:17,Jacquetta,Von Der Empten,lbisco7h@cmu.edu,,,Verloren
271,2023-02-16 08:48:32,,,,Topdrive,6378254729,Betaald
272,2021-08-07 16:03:53,Micheal,Jacobovitz,dwagg7j@nationalgeographic.com,,,Betaald
273,2017-12-03 05:37:38,Yuri,Yakuntsov,nmerrifield7k@elegantthemes.com,,,Betaald
274,2011-12-28 18:42:43,Carri,Threlkeld,mmuncie7l@mediafire.com,,,Retour
275,2022-10-02 04:58:38,Boigie,Meere,akeitch7m@foxnews.com,,,Verloren
276,2016-06-24 21:38:15,,,,Twinte,1515021769,RetourInStock
277,2020-01-27 05:56:19,Coralyn,Colleymore,dgennrich7o@yahoo.co.jp,,,Retour
278,2012-08-11 14:11:55,Kissiah,Cecil,diacovacci7p@usa.gov,,,Retour
279,2022-05-29 11:03:55,Orion,Shobbrook,jkepp7q@arstechnica.com,,,RetourInStock
280,2014-07-09 22:54:37,,,,Ainyx,2378096259,Betaald
281,2019-04-15 22:03:37,Thaddus,Chave,mhetterich7s@ft.com,,,Betaald
282,2024-02-29 17:33:20,,,,Quire,1501079891,Betaald
283,2013-01-11 09:39:39,Analise,Primmer,gmaxsted7u@gnu.org,,,Lopend
284,2020-10-01 03:19:15,Gisella,Furley,kdelayglesia7v@fotki.com,,,Betaald
285,2021-08-19 03:01:24,,,,Blogtag,9918722444,Betaald
286,2017-08-27 00:29:45,,,,Yambee,9795042173,RetourInStock
287,2021-12-01 13:58:10,,,,Topicstorm,5215803579,Betaald
288,2011-07-16 03:09:17,Samaria,Rozycki,mpaolucci7z@epa.gov,,,Betaald
289,2018-05-05 13:23:30,,,,Twinte,0287008010,Betaald
290,2011-09-20 18:58:42,Elsi,McKibbin,cfennick81@unesco.org,,,Retour
291,2015-05-01 17:46:01,Aurore,Heinssen,alots82@creativecommons.org,,,Retour
292,2018-10-17 13:22:24,Mamie,Maydway,oveeler83@deliciousdays.com,,,RetourInStock
293,2019-12-17 19:19:03,Allen,Bromont,hsmiths84@bloomberg.com,,,Lopend
294,2011-01-16 22:34:42,Lowe,Cardno,msandells85@ycombinator.com,,,RetourInStock
295,2014-03-22 20:49:24,Daniel,Gerrelts,cgertray86@phoca.cz,,,Betaald
296,2024-03-18 16:57:57,,,,Zoozzy,2735413667,Beschadigd
297,2015-01-20 16:44:36,Gualterio,McGinley,odedam88@discuz.net,,,Betaald
298,2022-07-06 03:40:47,Everett,Creeghan,aevitt89@cbslocal.com,,,Betaald
299,2020-08-14 10:17:16,Fair,Riggey,dassel8a@ca.gov,,,Betaald
300,2016-06-08 21:03:06,,,,Gigazoom,9787869315,Betaald
301,2015-01-02 08:10:27,Egor,Burgess,frennolds8c@yellowbook.com,,,RetourInStock
302,2020-05-10 08:27:17,,,,Shuffletag,9514496922,Betaald
303,2020-03-23 10:07:53,Allina,Southam,vminer8e@acquirethisname.com,,,Betaald
304,2019-04-11 04:30:50,Carlyle,O'Hallagan,mklosa8f@mtv.com,,,RetourInStock
305,2015-12-29 12:36:50,,,,Gevee,0459741624,Betaald
306,2016-08-28 14:34:56,Junina,Gradon,jswyne8h@techcrunch.com,,,Betaald
307,2019-07-27 03:55:42,Carin,Mathis,cyewman8i@who.int,,,Betaald
308,2020-05-10 05:18:16,Angil,Bolan,cgavahan8j@hhs.gov,,,Lopend
309,2014-03-04 18:52:49,Coop,Potts,trizzolo8k@elpais.com,,,Lopend
310,2018-09-09 18:16:04,Olav,Northgraves,mesom8l@java.com,,,Betaald
311,2024-03-06 19:41:44,Marcelline,Shuttleworth,tdeclercq8m@acquirethisname.com,,,Lopend
312,2021-10-06 14:39:32,Cherlyn,Daton,ifantham8n@sciencedaily.com,,,Betaald
313,2012-12-12 03:35:41,,,,Skimia,6240002127,Betaald
314,2021-02-28 01:32:17,Jarret,Murden,tfrenchum8p@cbc.ca,,,Retour
315,2017-02-08 18:27:40,Judie,Acosta,wtwizell8q@godaddy.com,,,Verloren
316,2013-06-18 00:26:42,Jordon,Rummer,mfortnon8r@ebay.com,,,Betaald
317,2020-04-27 11:27:32,Porter,Sheards,rporker8s@harvard.edu,,,Lopend
318,2024-06-25 03:38:03,Rodolph,Munnis,tdupree8t@ox.ac.uk,,,Retour
319,2010-03-23 21:10:09,Nikola,Roseman,bhekkert8u@facebook.com,,,Lopend
320,2024-06-05 15:25:55,Berk,MacCulloch,iiveson8v@geocities.com,,,Lopend
321,2022-07-14 23:46:15,Jannel,Bromage,dthonger8w@shutterfly.com,,,Betaald
322,2020-03-20 04:58:16,,,,Pixoboo,6064007095,RetourInStock
323,2010-07-09 12:52:31,Pauletta,Ransbury,rbrumbye8y@tiny.cc,,,RetourInStock
324,2021-10-27 04:29:23,,,,Vinder,8512397306,RetourInStock
325,2010-07-15 08:20:47,Elmo,Soares,ddennerley90@auda.org.au,,,Betaald
326,2015-02-16 06:01:29,,,,Kanoodle,9277030569,Betaald
327,2019-11-16 18:18:57,,,,Edgeify,0937381454,Lopend
328,2020-04-16 07:14:39,Erica,Dies,skinnach93@is.gd,,,Betaald
329,2019-05-07 17:26:49,Otha,Wint,uearthfield94@ucla.edu,,,Betaald
330,2020-07-24 05:20:46,Brian,Dmitriev,onolder95@dyndns.org,,,Betaald
331,2010-04-29 02:51:45,,,,Skyvu,4968345925,Betaald
332,2012-11-17 02:29:43,Raphael,Dietzler,agellan97@is.gd,,,Betaald
333,2021-12-13 15:50:05,Tamqrah,Baggett,mhealeas98@vimeo.com,,,Betaald
334,2017-05-29 11:42:16,,,,Rooxo,8003598176,Retour
335,2019-08-23 15:29:02,Tammie,Shand,trumford9a@arstechnica.com,,,Betaald
336,2020-10-29 16:41:07,,,,Oloo,9016156763,Betaald
337,2017-11-02 20:13:59,Arline,Greaves,tshuker9c@1und1.de,,,Lopend
338,2018-02-19 15:50:33,,,,Bubblemix,2216042579,Betaald
339,2023-04-06 22:19:23,Hershel,Fulep,fcanero9e@scribd.com,,,RetourInStock
340,2014-12-23 21:01:04,Leslie,Christoforou,premirez9f@odnoklassniki.ru,,,Betaald
341,2015-11-30 14:16:48,,,,Topicshots,4660661725,Onderweg
342,2023-06-22 13:09:46,Ansel,Brilon,broelofs9h@odnoklassniki.ru,,,Betaald
343,2017-02-04 07:05:44,Bertram,Barwood,lgarlette9i@tumblr.com,,,Geleverd
344,2011-06-30 03:14:08,Jefferson,Rushsorth,cspeechly9j@sfgate.com,,,Onderweg
345,2021-12-19 21:06:11,Gillan,Bowditch,uwasielewicz9k@google.com,,,Betaald
346,2023-11-10 01:27:06,Elle,Vasilechko,kcotman9l@npr.org,,,Betaald
347,2022-01-05 15:42:25,,,,Wikizz,6943722328,Betaald
348,2010-05-02 02:26:58,Lita,Hook,mloosley9n@japanpost.jp,,,Betaald
349,2015-09-09 02:45:56,,,,Flashdog,0655578129,Betaald
350,2017-06-30 15:44:40,Remington,Baggalley,gdavidovits9p@unesco.org,,,Betaald
351,2010-10-02 13:54:40,Nelle,Gaspar,nlearoid9q@who.int,,,RetourInStock
352,2015-08-25 10:21:30,Olly,McGruar,eoloman9r@is.gd,,,Betaald
353,2023-06-12 20:24:54,Aldin,McGoon,sgolland9s@wisc.edu,,,Betaald
354,2010-09-24 03:01:31,Thayne,MacGillacolm,nsowersby9t@altervista.org,,,Betaald
355,2010-02-03 03:13:00,Cassondra,McChesney,csandeland9u@cmu.edu,,,Lopend
356,2019-06-19 06:00:06,,,,Babblestorm,0472297953,Betaald
357,2023-08-09 08:38:12,,,,Izio,3000745882,RetourInStock
358,2018-10-31 17:52:10,,,,Shuffledrive,7860182602,Lopend
359,2016-08-14 04:59:41,,,,Skibox,6686109428,Betaald
360,2011-01-04 20:47:41,Rudie,Khidr,vbuckby9z@usnews.com,,,Betaald
361,2020-04-15 23:38:49,Ludovika,Stryde,hpocklingtona0@ft.com,,,Betaald
362,2023-10-10 19:14:02,Chad,Caverhill,tmacrieriea1@bbc.co.uk,,,Betaald
363,2015-09-18 20:41:19,Kory,Leisk,ewestmana2@weather.com,,,RetourInStock
364,2015-04-26 15:24:00,Tommy,Orrocks,fmcveya3@state.tx.us,,,Retour
365,2014-01-19 16:38:23,Ethyl,Rarity,ageilliera4@imgur.com,,,Betaald
366,2011-01-03 14:59:08,Rufe,Revett,gaickina5@nifty.com,,,Retour
367,2016-02-25 22:08:40,,,,Linktype,8918734301,Lopend
368,2010-10-29 09:15:31,Kara-lynn,Delacoste,gmccorleya7@diigo.com,,,Lopend
369,2023-03-07 09:49:11,Lincoln,Bensley,cfieldera8@google.com,,,Retour
370,2015-02-25 08:10:35,Arri,Gye,dstoriea9@amazon.co.uk,,,Betaald
371,2015-05-22 02:49:16,Jessica,Castellini,zbraikenridgeaa@tinyurl.com,,,Betaald
372,2020-08-31 17:31:34,Oliver,Rumney,pcastanedaab@unesco.org,,,Geleverd
373,2012-02-27 21:55:59,,,,Jabbersphere,2970147351,Geleverd
374,2018-05-30 13:26:10,Alwyn,Clemenzo,mceyssenad@a8.net,,,Lopend
375,2013-01-28 11:51:13,Kaine,Buglar,ogreatbankae@ow.ly,,,Betaald
376,2013-12-05 13:26:28,,,,Meezzy,1120884497,Betaald
377,2019-04-14 10:17:21,Adam,Szymanzyk,mgilmartinag@shop-pro.jp,,,Lopend
378,2018-03-08 23:23:51,Christophe,Kelway,reverittah@nasa.gov,,,Retour
379,2020-02-17 14:12:30,Kurtis,Huygen,dbalchinai@prnewswire.com,,,Betaald
380,2020-04-23 15:40:59,Mallory,Mahomet,cgurkoaj@illinois.edu,,,Lopend
381,2023-04-15 16:55:56,,,,Flashset,3114390862,Geannuleerd
382,2017-05-13 13:56:38,Ralph,Halbord,lasplandal@google.de,,,Betaald
383,2024-05-29 12:25:11,,,,Riffpath,1643229532,Betaald
384,2021-05-19 12:25:16,Clareta,Edowes,lfirbyan@reuters.com,,,Klaarmaken
385,2024-05-13 04:33:33,,,,Kwilith,9346288426,Betaald
386,2015-05-12 00:42:55,Misty,Bettenson,adymokeap@utexas.edu,,,Betaald
387,2024-02-15 21:28:37,Jacob,Arnolds,kmuzzolloaq@tuttocitta.it,,,Retour
388,2018-05-16 19:11:24,Solly,Bohlens,hstothardar@discovery.com,,,RetourInStock
389,2024-08-05 05:58:27,,,,Dablist,7446356502,Lopend
390,2024-07-01 11:14:37,,,,Dablist,4868371150,Geleverd
391,2013-12-12 13:09:52,Franky,Simione,kphilbrookau@wiley.com,,,Betaald
392,2013-05-21 00:01:20,Brendon,Hansell,vantosav@mysql.com,,,Betaald
393,2018-07-23 00:07:58,Celene,Sporrij,kgheeraertaw@imdb.com,,,Lopend
394,2020-09-14 08:24:43,Hester,Witterick,fprescottax@t.co,,,Betaald
395,2009-12-30 18:56:03,,,,Shuffledrive,0074315447,Betaald
396,2021-11-21 18:11:16,Brant,Stapleton,lginnaz@nbcnews.com,,,Onderweg
397,2020-09-28 18:32:45,Hy,Craigie,bmaclureb0@myspace.com,,,Betaald
398,2019-10-24 22:16:26,Elton,Standidge,naspinb1@com.com,,,Lopend
399,2013-07-23 02:47:30,Taffy,Stainbridge,gklemzb2@elpais.com,,,Betaald
400,2022-05-28 17:40:13,,,,Skiptube,2604528223,Betaald
401,2009-09-26 06:38:44,Arv,Dyte,mwincerb4@ustream.tv,,,Betaald
402,2012-08-27 12:06:16,Pepillo,Shieber,dcholwellb5@cbsnews.com,,,Geannuleerd
403,2020-05-07 23:38:04,,,,Skiptube,7451215008,Lopend
404,2010-11-24 12:09:49,Phelia,Pietruszka,msmaileb7@princeton.edu,,,Betaald
405,2014-02-07 19:15:34,Boyd,Anneslie,jboddamb8@people.com.cn,,,Betaald
406,2015-11-08 10:45:23,Demetria,Willder,ahalletb9@artisteer.com,,,RetourInStock
407,2015-12-28 19:12:22,Vivian,Eicke,arantoullba@fema.gov,,,Lopend
408,2013-05-23 01:40:48,Lucias,Holbarrow,ngittensbb@mashable.com,,,Verloren
409,2013-04-03 19:08:26,,,,Zazio,8975514854,Lopend
410,2014-05-23 12:59:40,Shelden,Fazackerley,favrasinbd@github.io,,,Retour
411,2016-06-09 13:41:26,,,,Flashset,4865892370,Betaald
412,2010-03-14 12:57:11,Berkie,Littler,hlanyonbf@msu.edu,,,Geleverd
413,2018-11-01 21:49:39,Cecilla,Jacquot,bdecayettebg@dell.com,,,Betaald
414,2023-06-28 07:26:33,Rita,Comelini,rmathivetbh@springer.com,,,Betaald
415,2023-09-23 20:17:26,Luisa,Cranmere,eshawyerbi@ucsd.edu,,,Betaald
416,2022-12-22 16:01:05,Sheila-kathryn,Loughnan,tbareheadbj@foxnews.com,,,Betaald
417,2023-05-04 04:33:43,,,,Zoozzy,3565927275,Geleverd
418,2024-07-18 23:21:04,Tann,Sturrock,itibbottsbl@craigslist.org,,,Betaald
419,2014-03-24 05:23:54,Britte,Klemz,cturfittbm@gov.uk,,,Betaald
420,2013-05-21 10:20:45,,,,Oba,0884262901,Retour
421,2015-08-13 14:21:39,,,,Rhynyx,6252665290,Betaald
422,2011-06-27 16:49:21,,,,Devbug,7340392750,Betaald
423,2018-05-17 07:27:58,Alisa,Roomes,dlightbodybq@forbes.com,,,Lopend
424,2023-03-13 23:29:29,,,,Eadel,3080658949,Lopend
425,2020-04-28 12:53:35,Lisbeth,Myrick,eligertonbs@cbslocal.com,,,Betaald
426,2015-03-25 23:08:24,Arvin,Castro,rhoylesbt@github.com,,,Betaald
427,2012-09-28 22:18:17,Angelique,Crut,mtysallbu@jalbum.net,,,Retour
428,2014-04-24 11:43:56,Mohandis,Petroff,lfiddlerbv@fema.gov,,,Geannuleerd
429,2011-11-14 22:25:27,,,,Shufflebeat,5164962373,Betaald
430,2010-11-12 23:46:13,,,,Yakijo,5882713412,Retour
431,2015-01-19 15:14:13,Heinrik,Antrobus,tsnarttby@archive.org,,,Betaald
432,2020-02-17 12:02:03,Bernardine,Aymes,ldecarolibz@telegraph.co.uk,,,Betaald
433,2019-12-30 19:41:40,Fawn,Vennings,ldewanec0@fda.gov,,,Betaald
434,2019-07-14 15:50:36,Mendy,Barde,rsaffillc1@ebay.co.uk,,,RetourInStock
435,2016-11-03 21:26:07,Verile,Dunseath,mberardc2@nih.gov,,,RetourInStock
436,2015-06-08 18:44:11,,,,Flipstorm,6418754751,Retour
437,2016-01-04 09:41:35,,,,Leenti,5367094767,Lopend
438,2014-05-15 21:18:36,Evered,Greathead,esellackc5@columbia.edu,,,Betaald
439,2012-05-20 02:40:29,,,,Gabcube,3876171792,Betaald
440,2016-03-02 14:48:05,Hazel,Vasyunin,gbalmerc7@merriam-webster.com,,,Betaald
441,2024-07-12 00:32:47,,,,Meemm,4348631484,Betaald
442,2023-07-22 21:04:38,Leicester,Leary,ahanburryc9@auda.org.au,,,Betaald
443,2010-10-07 18:09:36,Jeno,Bruckenthal,bsheryneca@chron.com,,,Lopend
444,2012-04-03 16:17:33,Sile,Critoph,glorkingcb@bravesites.com,,,Lopend
445,2014-06-15 17:33:58,Dewie,Firsby,hpoyzercc@bizjournals.com,,,Retour
446,2020-03-18 21:28:36,,,,Twitterlist,9548263874,Lopend
447,2012-10-21 17:56:27,Rubie,Boyall,lgerardotce@earthlink.net,,,Betaald
448,2018-02-09 07:47:57,Wayne,Dougher,hhugkcf@goo.gl,,,Betaald
449,2019-07-01 21:00:55,,,,Npath,4527861956,Geleverd
450,2017-07-08 04:26:59,Faina,Burgoyne,jbrandtsch@rambler.ru,,,Lopend
451,2017-04-01 13:35:50,,,,Realcube,5022760630,Lopend
452,2022-05-13 04:06:14,Kore,Tomek,pmcillroycj@ucla.edu,,,RetourInStock
453,2011-10-15 17:12:34,Luce,Duffrie,bshipwayck@comcast.net,,,RetourInStock
454,2010-08-28 06:27:05,Elaine,Dalziell,shuchotcl@weebly.com,,,Betaald
455,2021-04-23 04:01:21,,,,Voonyx,7517388479,Betaald
456,2014-05-30 06:41:51,Darsey,Coulston,aitzcovichchcn@exblog.jp,,,Retour
457,2018-07-27 16:30:56,Cristabel,Shapcott,opoynorco@shutterfly.com,,,Betaald
458,2014-06-07 00:28:23,,,,Meetz,0009475710,Lopend
459,2018-01-20 06:24:05,Fidelia,Klimowicz,mbeckhamcq@msn.com,,,Betaald
460,2013-03-14 00:14:21,,,,Rooxo,9877874806,Geleverd
461,2012-11-14 11:19:11,Arlina,Lambird,jzecchiniics@bizjournals.com,,,Lopend
462,2016-01-10 06:41:19,Joane,Matten,sgrestect@vkontakte.ru,,,Betaald
463,2015-01-22 05:18:14,Yankee,Heliet,gspellesycu@bbc.co.uk,,,Betaald
464,2011-07-07 18:34:48,Natty,Lofting,wbrignallcv@nytimes.com,,,Betaald
465,2011-12-29 19:28:27,Warren,Ballham,mlipyeatcw@mapy.cz,,,RetourInStock
466,2016-04-19 22:01:41,Franny,Jacox,cmuddicliffecx@wikispaces.com,,,Lopend
467,2018-04-22 19:12:13,,,,Youspan,1403609462,RetourInStock
468,2022-11-11 00:24:13,Archibald,Scala,tpfertnercz@desdev.cn,,,Retour
469,2014-04-30 16:59:57,,,,Chatterbridge,1590697847,Betaald
470,2018-12-25 07:27:05,Albert,Pickles,kchidlowd1@issuu.com,,,Onderweg
471,2018-12-02 09:47:41,Merola,Posner,ncrushd2@rediff.com,,,RetourInStock
472,2017-11-27 05:06:36,Anitra,Moff,edifriscod3@miitbeian.gov.cn,,,Betaald
473,2013-09-25 12:48:41,Evelyn,Swinburne,rstroverd4@flavors.me,,,Onderweg
474,2024-07-16 01:04:51,,,,Youopia,2676793608,Betaald
475,2014-12-16 23:51:50,Lenora,Dyett,cscamadend6@hubpages.com,,,Lopend
476,2022-03-06 10:12:47,Jourdan,Gurney,kkinaned7@hugedomains.com,,,Lopend
477,2019-08-15 02:33:17,,,,Skipstorm,4596731926,Betaald
478,2024-02-02 03:35:42,Janet,Blackeby,mdarringtond9@booking.com,,,Geleverd
479,2019-01-17 10:24:59,Queenie,Jonk,lmunseyda@globo.com,,,Lopend
480,2010-04-09 15:14:19,Zorana,Baish,ephippindb@earthlink.net,,,Betaald
481,2009-11-21 17:54:43,Valdemar,Haughan,jdingdc@weebly.com,,,Lopend
482,2023-02-20 07:06:47,,,,Flashpoint,6308444065,RetourInStock
483,2010-07-17 01:16:00,,,,Nlounge,9410440599,Betaald
484,2010-08-28 10:09:41,Marsiella,Wanden,tcaddandf@google.co.uk,,,Lopend
485,2017-03-12 09:03:23,Marjorie,Heape,lmatthewdg@nydailynews.com,,,Betaald
486,2019-10-12 07:42:31,,,,Topdrive,5357057125,Betaald
487,2013-03-05 05:19:47,Dael,Farans,akingabydi@intel.com,,,Betaald
488,2022-06-28 00:57:47,Anica,Robjohns,stilliarddj@gov.uk,,,Betaald
489,2021-08-25 21:04:38,Ceciley,Sanson,hhollowsdk@whitehouse.gov,,,Betaald
490,2024-03-18 19:27:52,Larine,Huske,asheeresdl@taobao.com,,,Betaald
491,2014-01-12 19:34:09,Tybie,Shyre,eseeneydm@wordpress.com,,,Retour
492,2018-09-29 06:34:46,Bibbie,Turmell,cperrindn@ebay.co.uk,,,Betaald
493,2012-08-02 22:40:43,,,,Meetz,9678358948,Betaald
494,2023-07-04 06:13:23,Melony,Linham,doverilldp@ifeng.com,,,Lopend
495,2009-12-10 14:37:38,,,,Quamba,4216041426,RetourInStock
496,2011-11-27 16:14:15,Mattheus,Seebright,bhakendr@mapquest.com,,,Klaarmaken
497,2020-01-08 16:50:11,Boy,Mongeot,bburdassds@unicef.org,,,Betaald
498,2021-03-27 05:25:16,Todd,Baldacchi,eolivetdt@wikia.com,,,Lopend
499,2015-12-03 22:17:23,Tawnya,Hadgkiss,kswatridgedu@amazon.co.uk,,,Onderweg
500,2020-05-23 07:35:16,Georgeanne,Inglish,jchestledv@ycombinator.com,,,Betaald
501,2014-04-02 16:20:12,Scarlet,Sellan,hcheshirdw@ca.gov,,,Lopend
502,2019-09-04 16:51:56,,,,Youopia,3179975458,Lopend
503,2009-11-14 08:59:04,,,,Cogidoo,7114496133,RetourInStock
504,2013-05-08 16:16:45,Lucila,Kapiloff,hnowerdz@timesonline.co.uk,,,Retour
505,2015-02-09 05:12:54,Shay,Scullion,ocolebourne0@about.me,,,Betaald
506,2018-04-13 08:58:42,Duff,Rosetti,cvenablese1@flickr.com,,,Klaarmaken
507,2012-12-31 21:42:52,Marcelo,Westoll,nbanaszczyke2@google.fr,,,Betaald
508,2013-09-09 15:52:59,,,,Twitterworks,3496655178,Betaald
509,2022-02-25 13:06:29,,,,Meemm,9912724739,Retour
510,2016-03-22 23:24:19,Von,Threlfall,egraalmane5@arstechnica.com,,,Betaald
511,2022-08-20 11:23:54,,,,Flipbug,7498390337,Lopend
512,2021-06-28 01:42:30,Rasla,Roth,bbourhille7@dailymotion.com,,,Lopend
513,2015-08-01 00:46:03,Nicol,Leuty,cchoudhurye8@wikipedia.org,,,RetourInStock
514,2014-01-08 16:28:29,Helli,Owers,gmosee9@nih.gov,,,Betaald
515,2010-03-25 07:40:58,Torey,Simo,kmcnessea@feedburner.com,,,Betaald
516,2010-08-29 06:21:04,Brandi,Normanell,ssturreb@who.int,,,RetourInStock
517,2018-07-27 17:22:07,Tamma,Ricards,eteeseec@google.com.hk,,,RetourInStock
518,2011-07-27 02:40:59,Allegra,Trinbey,fsibbited@yellowpages.com,,,Betaald
519,2010-11-11 15:30:14,Virgilio,Thrush,ehitzschkeee@harvard.edu,,,Betaald
520,2013-05-07 07:54:37,Phaedra,Crosher,iboxhallef@netlog.com,,,RetourInStock
521,2023-05-18 21:06:10,Jonell,Pietraszek,egrishineg@flavors.me,,,Betaald
522,2020-04-05 10:34:09,Clayborn,O'Corrigane,ayonnieeh@over-blog.com,,,Lopend
523,2024-05-11 06:41:54,Cloe,Halgarth,kdegnenei@cbc.ca,,,Betaald
524,2011-04-24 13:09:55,,,,Avaveo,3040706047,Lopend
525,2015-07-24 17:56:43,Tim,Zorn,churtadoek@yellowpages.com,,,Retour
526,2016-08-28 01:17:06,Julienne,Stansfield,kreadettel@dyndns.org,,,Betaald
527,2013-06-26 14:20:09,,,,Skivee,9431660458,Betaald
528,2017-02-17 10:28:39,Ora,Bodicum,aslatteren@ucoz.com,,,Betaald
529,2016-04-11 20:15:18,,,,Feedmix,3290412865,RetourInStock
530,2012-03-07 14:01:08,,,,Camimbo,3898547027,Betaald
531,2014-03-05 17:33:58,Corine,Pessold,etirkineq@clickbank.net,,,Lopend
532,2016-05-24 15:58:01,Hedi,Sign,eisworther@skyrock.com,,,Betaald
533,2017-11-16 18:09:56,,,,Tagcat,1518466516,Betaald
534,2015-07-20 01:59:13,Tuckie,Bolstridge,stonkeset@hexun.com,,,Betaald
535,2017-03-12 19:03:06,Alfred,Galego,dironeu@arizona.edu,,,Betaald
536,2021-10-09 12:29:43,Rhoda,Bonny,kjeffreyev@barnesandnoble.com,,,Lopend
537,2015-11-15 20:25:59,,,,Cogilith,5719810757,Onderweg
538,2018-12-02 14:29:51,,,,Kwinu,3343115185,Onderweg
539,2022-12-07 01:28:04,Mata,Adel,bfancourtey@blog.com,,,Betaald
540,2022-05-08 08:14:37,Charlton,Mecozzi,ksentez@artisteer.com,,,Geleverd
541,2019-07-06 16:58:51,Donal,Mault,afentyf0@jigsy.com,,,Betaald
542,2014-04-16 16:22:19,Brittany,Adelman,mpitceathlyf1@typepad.com,,,Betaald
543,2010-02-10 20:47:05,,,,InnoZ,9656081412,Betaald
544,2017-01-20 09:09:26,Stirling,Morehall,vyearronf3@reddit.com,,,Betaald
545,2022-05-30 06:13:02,Caterina,Need,nhrachovecf4@nhs.uk,,,Lopend
546,2017-08-21 07:14:15,,,,Rhybox,3687499898,Lopend
547,2013-04-16 00:23:11,Agnese,Loxley,skingdonf6@creativecommons.org,,,Betaald
548,2012-09-03 14:20:10,Mikael,Gammade,ejermyf7@arstechnica.com,,,Lopend
549,2017-01-18 16:57:43,Park,Whitlaw,lsteelsf8@businesswire.com,,,Verloren
550,2020-07-03 03:14:19,,,,Edgewire,8223753170,RetourInStock
551,2018-02-09 20:55:02,Colette,Heynel,lstanettfa@psu.edu,,,Betaald
552,2023-06-02 06:27:41,Kliment,Laflin,avalslerfb@loc.gov,,,Geleverd
553,2022-08-09 14:13:29,Nancie,Hartzenberg,codamfc@gizmodo.com,,,Betaald
554,2014-08-29 10:47:53,Corena,Rothwell,lcluettfd@bing.com,,,Betaald
555,2022-12-21 02:14:03,Garland,Pettiford,beliassonfe@ucla.edu,,,Betaald
556,2012-08-07 16:42:46,Joyce,Cook,iesselff@phoca.cz,,,RetourInStock
557,2011-07-21 12:07:24,Minni,Kenewell,tivchenkofg@wikipedia.org,,,Betaald
558,2011-04-16 04:00:37,,,,Snaptags,5135255303,Geleverd
559,2019-01-20 01:24:02,,,,Voonte,5954122261,Lopend
560,2020-12-18 10:04:06,,,,Skalith,3532761890,Betaald
561,2018-10-17 06:05:58,Ritchie,Rounce,mmcgroartyfk@qq.com,,,Betaald
562,2014-08-09 04:58:07,,,,Edgeify,6354551391,Betaald
563,2013-04-16 05:51:12,Cherrita,Medlicott,gskeltonfm@goo.gl,,,Betaald
564,2023-06-03 04:59:48,,,,Talane,1084447509,Betaald
565,2015-07-22 16:22:38,Vladimir,Brook,fbufffo@is.gd,,,Betaald
566,2013-01-26 09:07:52,Alexandre,Revey,cslymefp@miitbeian.gov.cn,,,Betaald
567,2023-03-23 23:07:15,Dicky,Kolushev,melecumfq@scientificamerican.com,,,Retour
568,2022-01-31 19:22:32,Lenka,Avarne,gtregustfr@indiegogo.com,,,Beschadigd
569,2013-04-30 08:15:30,Perceval,Stot,fperilliofs@wsj.com,,,Klaarmaken
570,2011-03-04 11:04:42,,,,Edgetag,0280988281,Betaald
571,2022-05-02 00:51:54,Glenna,Kindon,pthamsfu@shinystat.com,,,Betaald
572,2022-02-01 00:51:28,,,,Camimbo,5974133803,RetourInStock
573,2012-11-05 23:48:00,Erinn,Rimour,sburberyefw@goodreads.com,,,Onderweg
574,2016-10-18 09:56:49,Eve,Serraillier,aevequefx@moonfruit.com,,,Geannuleerd
575,2017-09-06 06:39:56,,,,Fivespan,4601078806,Betaald
576,2014-01-24 23:30:41,,,,Babbleset,7400234706,RetourInStock
577,2011-06-16 22:09:24,Saba,Bigmore,jklemensiewiczg0@eventbrite.com,,,Lopend
578,2022-09-25 17:01:07,,,,Fivebridge,7867207368,Betaald
579,2015-10-25 19:16:57,Justus,Marshalleck,gdandreag2@auda.org.au,,,RetourInStock
580,2017-10-29 19:08:23,,,,Youopia,3855442622,Lopend
581,2019-11-25 15:17:55,Corri,Ughelli,kmcnellyg4@weebly.com,,,Betaald
582,2013-01-21 11:34:00,Bernardo,Micallef,bburgillg5@redcross.org,,,Betaald
583,2017-02-16 06:14:08,,,,Skivee,4106934027,Betaald
584,2021-11-24 13:20:28,,,,Chatterbridge,1227836414,Betaald
585,2011-09-23 15:28:21,,,,Rhycero,2717259546,Retour
586,2018-10-18 08:29:54,,,,Meevee,6718554758,RetourInStock
587,2013-02-17 21:10:10,Orran,Storks,iperciferga@hostgator.com,,,Betaald
588,2020-09-04 06:28:01,Buck,Ruttgers,slaxstongb@indiegogo.com,,,Geannuleerd
589,2012-12-19 12:19:23,Karalee,Krolman,hteshgc@mozilla.org,,,RetourInStock
590,2014-08-10 18:12:34,Batholomew,Wollacott,apichangd@shareasale.com,,,RetourInStock
591,2009-10-10 04:43:42,Denise,Fiske,sgudgeonge@prnewswire.com,,,RetourInStock
592,2023-09-04 03:30:28,Sutherlan,Swallow,ffawlkesgf@qq.com,,,Betaald
593,2013-06-03 01:55:16,Vinson,Iacovacci,taverillgg@dailymail.co.uk,,,Klaarmaken
594,2011-12-18 00:10:33,,,,Photospace,2032866021,Retour
595,2014-09-23 16:02:56,Romona,Dauncey,gligoegi@independent.co.uk,,,Betaald
596,2009-09-27 19:59:15,,,,Brainlounge,8317181782,Betaald
597,2020-01-27 09:32:37,,,,Wordpedia,7414701980,Geannuleerd
598,2012-10-03 07:39:01,Tedmund,Davies,mbisterfeldgl@naver.com,,,RetourInStock
599,2014-04-03 05:18:15,Millie,Edlin,cpiwallgm@cpanel.net,,,Lopend
600,2010-10-21 06:51:03,Cherye,Attiwill,dsebyergn@wsj.com,,,Betaald
601,2010-08-25 07:44:45,Bronson,Oldman,pokeefego@plala.or.jp,,,Betaald
602,2023-09-14 18:42:53,Cleveland,Cowser,itrantergp@mozilla.org,,,Lopend
603,2011-02-14 14:22:30,,,,Jayo,4909398619,Betaald
604,2018-12-19 13:29:55,Euell,Cuxson,pruttergr@tripod.com,,,Klaarmaken
605,2017-07-24 14:31:54,Rena,Keatley,bcrantongs@earthlink.net,,,Geleverd
606,2020-02-01 07:05:43,Tybie,Grout,dgurradogt@omniture.com,,,Betaald
607,2019-03-31 23:58:55,Kala,Monini,fdomangu@hhs.gov,,,RetourInStock
608,2013-12-13 18:14:55,Tony,Hickisson,amowsleygv@aboutads.info,,,Verloren
609,2010-10-11 00:34:14,,,,Katz,7397287131,Retour
610,2023-02-14 14:35:18,Valerye,Wisby,pclemendetgx@instagram.com,,,Betaald
611,2018-05-06 01:31:04,Georgiana,Shuttell,istanfieldgy@163.com,,,RetourInStock
612,2010-05-16 14:01:08,Althea,Haresign,pstandbrookgz@ihg.com,,,Klaarmaken
613,2016-05-12 21:55:07,,,,Quatz,9700086070,Betaald
614,2014-05-19 03:35:21,Marcellus,Duggon,aweipperth1@hexun.com,,,Betaald
615,2021-01-18 04:09:17,Clair,Hassard,evandenoordh2@usatoday.com,,,Betaald
616,2014-10-15 17:30:24,,,,Meevee,1889014907,Retour
617,2010-06-07 12:50:35,,,,Eidel,9200205453,Geannuleerd
618,2012-02-27 19:54:50,Emilie,Goare,kriggsh5@sphinn.com,,,Lopend
619,2009-12-07 15:52:05,Joni,Tokley,rmalbonh6@netvibes.com,,,Betaald
620,2014-04-12 03:48:30,Garwood,Rassell,tvaiseyh7@timesonline.co.uk,,,Betaald
621,2016-09-17 05:38:07,Sari,Jenkins,cwythillh8@topsy.com,,,Retour
622,2019-05-01 00:52:28,Emilee,Gostyke,dwillbrahamh9@google.co.uk,,,Betaald
623,2013-03-11 21:42:33,Sapphire,Kirman,mlingwoodha@live.com,,,Retour
624,2015-01-26 11:17:15,,,,Podcat,9902953069,Verloren
625,2019-12-20 17:35:53,Wendi,Shadwick,aetheridgehc@nasa.gov,,,Betaald
626,2013-05-13 21:11:13,Elicia,Newcome,rsmolanhd@123-reg.co.uk,,,Betaald
627,2022-11-24 07:07:38,,,,Brainverse,0876490100,Betaald
628,2023-07-08 07:35:19,,,,Jaxbean,8921237992,Betaald
629,2015-02-15 11:25:34,Onfre,Livard,mwithringtonhg@seattletimes.com,,,Betaald
630,2023-12-30 05:38:22,Luigi,Tarrant,mleupoldhh@weebly.com,,,Betaald
631,2012-11-22 01:45:35,,,,Agimba,0244766215,Retour
632,2024-05-01 17:02:00,Anabelle,Rallings,kphilippethj@examiner.com,,,RetourInStock
633,2015-03-21 03:49:17,Madlin,Belsham,hbartoleynhk@webs.com,,,Retour
634,2012-11-14 04:12:50,,,,Flashspan,2214925074,Betaald
635,2012-12-18 07:04:58,Claybourne,De Francesco,kscarfehm@discuz.net,,,Klaarmaken
636,2021-04-30 22:34:53,,,,Quaxo,8040531489,RetourInStock
637,2015-10-27 15:08:49,Shelbi,Sisson,rdeguaraho@nih.gov,,,Betaald
638,2013-06-25 19:36:59,Freeman,Preist,tarnaldhp@whitehouse.gov,,,Betaald
639,2010-10-23 17:43:29,Dewain,Boynton,pferrigehq@java.com,,,Retour
640,2018-09-13 15:54:35,Galvin,Fredi,adareyhr@senate.gov,,,Betaald
641,2021-10-23 19:07:19,Cindy,Dunridge,cledgleyhs@spotify.com,,,Betaald
642,2013-08-16 22:46:56,,,,InnoZ,0582993318,Betaald
643,2019-10-17 00:40:39,,,,Oozz,1801388016,Betaald
644,2023-05-09 03:51:20,Parsifal,Back,vgummeryhv@blogtalkradio.com,,,Betaald
645,2014-01-19 14:10:35,Cammy,Frichley,gwestriphw@yahoo.co.jp,,,Betaald
646,2011-03-19 07:16:22,Nilson,Dimock,rshortallhx@devhub.com,,,Betaald
647,2011-11-05 18:02:52,,,,Divape,2523281015,RetourInStock
648,2021-11-01 16:15:14,Terrijo,Bote,mlaurenthz@dion.ne.jp,,,Lopend
649,2010-11-12 05:10:49,Adan,Scherer,kgoltoni0@cnet.com,,,Lopend
650,2021-09-16 15:32:58,Salim,Kingaby,mtrussmani1@dedecms.com,,,Betaald
651,2011-02-04 08:02:05,,,,Quatz,7115465401,Lopend
652,2012-03-20 16:17:12,Rosamond,Kibble,rsleightholmei3@posterous.com,,,Betaald
653,2019-11-19 14:28:51,,,,Yodoo,6535870480,Betaald
654,2017-04-17 20:55:48,,,,Trupe,7778678934,Retour
655,2012-08-03 05:57:31,Wileen,Rayson,gdebruijnei6@sphinn.com,,,Betaald
656,2012-03-21 01:55:54,Robby,Chiese,trouchi7@blogs.com,,,Retour
657,2012-07-17 16:16:35,,,,Buzzster,8648978602,RetourInStock
658,2011-03-13 23:41:33,Chicky,Braisby,amaciejaki9@mapy.cz,,,Retour
659,2023-06-09 16:52:23,,,,Wikibox,1312995785,Retour
660,2017-10-04 11:34:26,Fenelia,Helwig,hnuddeib@techcrunch.com,,,RetourInStock
661,2021-07-05 04:10:48,Ignaz,Habard,rhelstripic@tripadvisor.com,,,Betaald
662,2016-06-22 08:35:52,Dasie,Postin,cmacduffid@flickr.com,,,Betaald
663,2021-07-04 00:21:02,Hildegaard,Doerren,szamboniniie@europa.eu,,,Retour
664,2021-10-09 00:59:06,,,,Trilia,2850945692,Betaald
665,2013-07-19 15:55:53,Jemmie,Spincke,klargentig@com.com,,,Verloren
666,2012-10-06 16:59:14,Elinor,Moroney,hfergusonih@google.com,,,Lopend
667,2020-08-10 20:48:53,Gerome,Renney,ddeplacidoii@wp.com,,,Betaald
668,2016-11-08 17:11:25,Honey,Edmenson,mbeechamij@privacy.gov.au,,,RetourInStock
669,2016-05-06 18:57:34,Cece,Dooney,malbertik@simplemachines.org,,,Lopend
670,2014-11-30 04:04:42,Maisey,Tebbitt,csoppettil@icio.us,,,Betaald
671,2016-08-04 07:51:04,Addie,Harsnep,nfockesim@tuttocitta.it,,,Betaald
672,2012-06-27 15:04:42,Tracee,Gerlts,smcilwrathin@infoseek.co.jp,,,Betaald
673,2012-06-21 00:59:39,,,,Tazz,8552369680,Lopend
674,2016-01-29 14:29:36,Madelena,Addy,nbrealeyip@studiopress.com,,,Retour
675,2022-02-02 17:08:23,Martin,Jirsa,byeaiq@wordpress.com,,,Betaald
676,2014-07-21 03:50:29,Ivie,Demogeot,aconroyir@japanpost.jp,,,Lopend
677,2012-06-18 11:35:07,,,,Mynte,1982724218,Betaald
678,2023-01-05 07:08:45,Maribel,Sugars,zdownhamit@ebay.com,,,Betaald
679,2022-10-14 08:32:26,Izaak,Bartleman,pbiancoiu@ning.com,,,Lopend
680,2020-09-23 22:12:13,Christiane,Jenno,vlidsteriv@ted.com,,,RetourInStock
681,2019-11-11 21:35:30,,,,Topdrive,2247339743,Geleverd
682,2014-01-27 03:43:39,Darleen,Mallard,fadamskiix@paginegialle.it,,,Betaald
683,2011-11-19 18:11:21,,,,Kamba,6634554714,Lopend
684,2018-06-27 05:21:54,Demetris,Jimmes,dnoeliz@cargocollective.com,,,Lopend
685,2019-09-18 06:27:55,,,,Voomm,2036778186,Geleverd
686,2018-11-29 06:17:56,Laurie,Kupka,jcullernej1@prnewswire.com,,,Betaald
687,2010-09-06 21:40:15,Mattheus,Kynson,rdocketj2@hud.gov,,,Betaald
688,2012-11-10 04:58:24,Purcell,Fuente,edenisotj3@sfgate.com,,,Betaald
689,2012-08-22 14:44:05,,,,Browsetype,1550961721,Retour
690,2016-11-16 10:10:58,Diena,Gibling,mtriswellj5@163.com,,,Betaald
691,2011-09-26 08:53:30,Margaret,MacGiany,acraigheadj6@reverbnation.com,,,Geleverd
692,2018-07-27 10:28:18,,,,Dabvine,3454571448,Betaald
693,2020-03-19 08:26:00,,,,Skimia,2447357605,Lopend
694,2018-02-21 14:13:13,,,,Camimbo,0456061681,Betaald
695,2021-06-03 11:21:58,Seamus,Gaffer,gyurinja@gnu.org,,,Betaald
696,2021-12-15 19:40:13,Marylinda,Fullstone,kacresjb@ovh.net,,,Lopend
697,2012-04-22 13:21:40,Koressa,Tear,cadamowitzjc@chicagotribune.com,,,RetourInStock
698,2011-11-17 09:49:15,,,,DabZ,9652165247,Betaald
699,2017-01-04 06:59:48,Vince,Toner,ljandlje@gravatar.com,,,Lopend
700,2019-07-31 06:08:56,Theodoric,Johansen,lluisettijf@ustream.tv,,,Betaald
701,2011-09-09 20:30:56,,,,Feedbug,4512908692,Lopend
702,2022-07-08 23:18:58,Harcourt,McCambridge,edainterjh@smugmug.com,,,Betaald
703,2010-02-04 02:04:12,Tomasina,Bloggett,slyndonji@nydailynews.com,,,Betaald
704,2016-02-20 04:29:15,Dexter,Scullin,dworganjj@moonfruit.com,,,Retour
705,2013-01-12 16:14:37,,,,Meejo,6779970441,Lopend
706,2012-06-02 17:28:13,Jackie,Stolle,ctriggoljl@last.fm,,,Betaald
707,2021-07-22 10:12:21,Arnold,Mathon,dpellettjm@rakuten.co.jp,,,Betaald
708,2016-11-01 11:40:37,Ax,Meaker,psleepjn@earthlink.net,,,RetourInStock
709,2012-06-09 22:26:04,Konstantin,Boss,eharbourjo@people.com.cn,,,Betaald
710,2021-12-18 23:25:26,Coraline,Barlow,dallinsonjp@foxnews.com,,,Lopend
711,2014-03-23 18:48:08,Ewen,Lejeune,dgillbeejq@scribd.com,,,Klaarmaken
712,2019-12-18 00:31:19,,,,Buzzshare,6156191461,Lopend
713,2016-06-14 17:51:00,Byran,Peer,sdarreljs@harvard.edu,,,Betaald
714,2009-12-07 10:27:30,Connie,Bassilashvili,lepplejt@joomla.org,,,Lopend
715,2015-08-23 20:48:11,,,,Dabshots,7287322641,RetourInStock
716,2012-04-22 08:53:57,Barbie,Jarmyn,zmeasomjv@simplemachines.org,,,Betaald
717,2012-10-30 02:00:48,,,,Wikivu,1305239687,Betaald
718,2011-03-11 03:52:37,,,,Yotz,9087216513,Onderweg
719,2015-11-23 22:30:17,Gwynne,Pettisall,ewillishirejy@ox.ac.uk,,,Betaald
720,2012-05-14 19:44:48,Judie,Surmeir,gmelanaphyjz@samsung.com,,,Klaarmaken
721,2017-12-31 22:17:03,Shandy,Spensly,lgrumbridgek0@marketwatch.com,,,Betaald
722,2012-01-15 18:10:10,Paten,Westhoff,jviggarsk1@cornell.edu,,,Betaald
723,2016-08-20 08:26:05,Ulysses,Birks,cjobek2@bluehost.com,,,Lopend
724,2019-10-23 01:16:30,Currie,Wiltshear,ascutterk3@altervista.org,,,Betaald
725,2010-04-28 20:21:43,Fiona,Tirkin,kgronavk4@wikispaces.com,,,RetourInStock
726,2009-12-24 19:41:10,,,,Dablist,6688342731,Klaarmaken
727,2018-10-05 07:13:36,Davis,Rustman,garnowitzk6@360.cn,,,Betaald
728,2012-01-09 18:00:50,,,,Realpoint,2862298751,Lopend
729,2021-12-24 22:19:23,Rurik,Dmitrienko,wgorstidgek8@xrea.com,,,Beschadigd
730,2011-03-15 06:48:05,Lola,Charley,ksplevink9@amazon.de,,,Betaald
731,2017-11-25 04:19:01,Thoma,Cosh,gyakovlevka@simplemachines.org,,,Betaald
732,2021-12-30 20:35:38,,,,Skivee,2272960790,Retour
733,2024-01-23 21:01:50,Winna,Wastall,cshillitokc@irs.gov,,,Lopend
734,2014-10-12 14:43:50,,,,Meedoo,5378379482,Betaald
735,2011-12-26 12:06:15,Nappie,McGilvra,gtodarelloke@ifeng.com,,,Betaald
736,2013-10-18 09:54:15,,,,Devcast,8497375017,Betaald
737,2012-03-20 08:04:17,Helga,Lalor,scowlinkg@aboutads.info,,,Betaald
738,2014-12-22 01:08:31,,,,Oloo,7547375499,Klaarmaken
739,2019-06-20 09:54:10,,,,Linktype,4523207356,Lopend
740,2016-10-18 02:15:27,Demetre,Harkes,bdeasonkj@google.com,,,Onderweg
741,2015-08-15 05:15:25,Monty,Rouse,jamerykk@hugedomains.com,,,Betaald
742,2019-03-22 07:22:29,,,,Omba,8186584692,Betaald
743,2015-01-12 21:22:59,Bobby,Toping,ahawsbykm@ebay.co.uk,,,Lopend
744,2023-12-08 09:38:54,Gare,McFadzean,cleinthallkn@gov.uk,,,Retour
745,2013-04-06 03:12:02,Evangeline,Tonepohl,lcorkillko@java.com,,,Betaald
746,2015-11-26 11:41:46,,,,Skilith,4350432116,Lopend
747,2012-10-24 19:12:47,Annamaria,Tierny,wmayhowkq@seattletimes.com,,,Onderweg
748,2023-07-21 08:23:31,Ruprecht,Ridding,dhanscomkr@newyorker.com,,,Retour
749,2021-09-16 10:53:20,Kaile,Shilvock,nolivetiks@parallels.com,,,Betaald
750,2018-01-16 05:39:01,Faydra,Lattos,mnorcottkt@tinypic.com,,,Lopend
751,2011-11-12 07:54:01,Hammad,Wisden,rbalmaku@pagesperso-orange.fr,,,Betaald
752,2020-04-13 10:52:04,Sophi,Sparway,vcroxfordkv@dagondesign.com,,,Betaald
753,2011-04-25 06:41:22,Selina,Yanukhin,bstorrarkw@google.de,,,Betaald
754,2013-04-29 10:52:30,Ninetta,Campanelli,psintonkx@imgur.com,,,Beschadigd
755,2020-12-10 11:30:05,Emmye,Cleife,dmcfadinky@opensource.org,,,Lopend
756,2012-12-04 07:45:05,Justinian,Somerset,nogianykz@wsj.com,,,Betaald
757,2021-02-28 17:29:48,,,,Eayo,7515429739,Betaald
758,2024-03-24 14:01:07,,,,Dabshots,7088146517,Onderweg
759,2020-01-24 01:40:45,Carolyne,Shakle,wledleyl2@xrea.com,,,Retour
760,2024-06-07 13:05:33,,,,Plambee,8138671718,Lopend
761,2017-01-07 13:28:27,Glynda,Livock,rtooveyl4@imdb.com,,,Betaald
762,2011-05-14 00:34:44,Cletus,Clerk,ghutsonl5@army.mil,,,Betaald
763,2015-12-11 08:23:37,,,,Topicware,4898533108,RetourInStock
764,2021-06-19 16:47:11,Winston,Wildt,mbladenl7@google.es,,,Geleverd
765,2014-12-27 13:05:45,,,,Kwideo,1165206110,Lopend
766,2019-08-19 17:45:08,Finley,Browell,imouncherl9@jalbum.net,,,Lopend
767,2017-06-09 14:30:56,Ozzy,Howsden,gbartoschla@army.mil,,,Retour
768,2022-02-05 10:31:05,,,,Katz,3101925010,Klaarmaken
769,2016-04-09 00:35:18,Ulises,Grzeszczak,wclotherlc@a8.net,,,Lopend
770,2014-11-30 23:26:30,Gallard,Woodcroft,fkalfld@printfriendly.com,,,Klaarmaken
771,2010-02-15 23:37:30,Pierette,Graveson,cmostenle@indiatimes.com,,,Lopend
772,2022-09-17 17:01:56,Elfie,Timberlake,mbarthelemylf@wordpress.com,,,Betaald
773,2023-02-11 23:33:46,,,,Dabvine,6044323838,Geleverd
774,2011-02-05 08:07:41,Alaine,Attride,edwellylh@unicef.org,,,Lopend
775,2017-05-22 03:42:50,Abbey,Yakushkev,tockendenli@yahoo.co.jp,,,Lopend
776,2021-05-19 05:03:07,Stirling,Ryley,csainthilllj@nsw.gov.au,,,Beschadigd
777,2024-07-30 13:39:40,Ermentrude,Bagot,wcessfordlk@google.de,,,Lopend
778,2024-03-27 15:51:57,,,,Ntags,7666852800,Klaarmaken
779,2011-12-31 07:31:00,Dannel,Stroton,hclashelm@diigo.com,,,Lopend
780,2020-11-13 00:45:10,,,,Dynazzy,2215861223,Beschadigd
781,2013-06-29 16:17:14,Hurley,Beharrell,shadgraftlo@cafepress.com,,,Betaald
782,2011-07-14 08:22:50,Bendix,Sprasen,pmcmanuslp@epa.gov,,,Lopend
783,2024-02-11 03:24:22,,,,Browsetype,2620176921,RetourInStock
784,2012-08-24 23:48:27,Ainslee,Vasiliu,abellwardlr@goo.ne.jp,,,Lopend
785,2019-08-17 07:49:43,Corney,Bromidge,hweymanls@so-net.ne.jp,,,Lopend
786,2016-04-23 15:09:05,Cad,Schinetti,ljoshamlt@wired.com,,,Betaald
787,2021-08-02 18:04:23,Celeste,Blethyn,spillinglu@xinhuanet.com,,,Betaald
788,2017-11-16 21:33:56,Freida,Barkhouse,adovidianlv@oaic.gov.au,,,Lopend
789,2024-07-07 06:09:59,,,,Wikizz,1519851707,Betaald
790,2021-05-04 16:02:17,Wynn,Benfell,acruslx@instagram.com,,,Onderweg
791,2019-09-04 10:32:52,Giustino,Cuddehay,dbunningly@bloglines.com,,,Lopend
792,2015-10-29 17:27:17,Waring,Kineton,packermanlz@simplemachines.org,,,Lopend
793,2020-09-30 18:19:52,Anna-diane,Sedwick,myeowellm0@taobao.com,,,Lopend
794,2016-09-27 15:47:41,Iggy,Ripper,mchillcotm1@un.org,,,Betaald
795,2018-07-16 23:44:02,Sacha,Stickings,utreadgallm2@arstechnica.com,,,Retour
796,2015-02-20 13:18:24,Gregoire,Giovannazzi,cdranem3@infoseek.co.jp,,,Retour
797,2018-09-17 22:57:16,Shepherd,Haly,crichingsm4@printfriendly.com,,,RetourInStock
798,2014-12-20 23:11:09,,,,Flipstorm,5663342966,Betaald
799,2021-08-27 15:49:43,Carlyn,Guiducci,fchoffinm6@mtv.com,,,Betaald
800,2023-07-12 16:25:28,Kathie,Maxwell,tantonchikm7@arizona.edu,,,Betaald
801,2021-08-25 21:07:35,,,,Zoomzone,1732338094,Lopend
802,2014-01-21 15:38:36,Jammal,Gauvin,dmeiklejohnm9@deviantart.com,,,Betaald
803,2014-08-11 18:03:08,Constancia,Babb,etomeoma@japanpost.jp,,,Geleverd
804,2023-02-05 11:00:52,Lenee,Leaton,bbeatmb@home.pl,,,Betaald
805,2019-12-19 11:52:56,,,,Voonte,0936968362,Lopend
806,2019-06-23 17:13:50,,,,Skilith,7162395961,Retour
807,2016-12-08 15:02:42,Aluino,Coulthard,nlowndesme@opensource.org,,,Betaald
808,2023-12-06 19:37:00,Patten,Izkovitch,gcavillamf@msu.edu,,,Retour
809,2022-09-24 16:56:35,,,,Camido,5414345236,Geleverd
810,2015-02-08 01:25:01,Julee,Attwoull,kcastiblancomh@meetup.com,,,Betaald
811,2016-12-11 23:30:01,Aliza,Huntar,tfantemi@walmart.com,,,Klaarmaken
812,2009-09-25 04:12:05,Hyman,Palfreyman,mstapelemj@google.de,,,Betaald
813,2019-10-11 05:52:37,,,,Vimbo,1281724726,Betaald
814,2009-09-29 12:45:23,Ernest,Darque,obenoyml@ifeng.com,,,Geleverd
815,2018-03-14 08:08:16,,,,Voonder,1339715392,Betaald
816,2020-11-06 10:19:58,Raine,Bullick,edelmontimn@berkeley.edu,,,Geleverd
817,2020-02-08 21:55:35,Othello,Wallbutton,tfodenmo@weather.com,,,RetourInStock
818,2015-04-12 14:07:24,,,,DabZ,6024562497,Betaald
819,2016-11-05 04:59:29,,,,Muxo,1989529461,RetourInStock
820,2012-04-13 22:10:39,,,,Dablist,9786813111,Betaald
821,2010-03-09 16:58:40,,,,Twitterworks,2335133098,Onderweg
822,2009-11-09 03:19:29,Dre,Ruckert,ybrockingmt@google.pl,,,Betaald
823,2012-04-08 22:48:45,Bird,Kornas,wsutherelmu@merriam-webster.com,,,Lopend
824,2024-06-11 02:02:56,Gnni,Gelder,nspinckemv@youtube.com,,,Retour
825,2023-08-16 13:54:19,Cindra,Serris,hwysomemw@cornell.edu,,,Betaald
826,2018-09-11 13:42:26,Nolly,Mothersole,cpavlenkomx@artisteer.com,,,Betaald
827,2011-01-24 02:16:54,Halley,Tolossi,ctremathackmy@amazon.co.uk,,,Betaald
828,2012-05-27 22:11:39,Misti,Chaloner,cjantotmz@sina.com.cn,,,Betaald
829,2021-07-06 19:21:04,Erna,Cowp,docullenn0@trellian.com,,,Geleverd
830,2017-11-01 21:32:15,Klara,Bunn,apenhalln1@altervista.org,,,Onderweg
831,2011-08-25 13:55:48,,,,Innojam,2839646552,Betaald
832,2018-09-27 07:08:15,Joshua,Houson,paldersleyn3@biblegateway.com,,,Betaald
833,2012-02-27 10:44:49,,,,Yata,1072704986,Onderweg
834,2017-07-22 15:33:59,Evangeline,Seccombe,asutehalln5@psu.edu,,,Retour
835,2011-08-12 18:50:20,,,,Wikibox,3618221096,Klaarmaken
836,2010-02-09 18:33:52,Layne,Bradman,sklimpn7@twitpic.com,,,Retour
837,2013-10-23 23:10:36,,,,Dabfeed,4485161862,Retour
838,2010-01-07 18:01:27,,,,Katz,2028456442,Betaald
839,2010-06-26 11:25:13,Salomone,Eddicott,slukasenna@auda.org.au,,,Betaald
840,2015-05-20 04:06:46,,,,Abatz,9638478659,Retour
841,2022-12-27 22:35:00,Sayre,Branscombe,dfallonnc@bigcartel.com,,,Retour
842,2023-07-17 07:02:13,,,,Tagfeed,3252480298,Lopend
843,2022-07-12 06:06:53,Pavla,Lozano,mdivisne@opera.com,,,Betaald
844,2018-06-22 21:14:05,Gonzalo,Ratie,pbisleynf@google.pl,,,Lopend
845,2014-03-06 07:36:52,,,,Teklist,0438523563,RetourInStock
846,2019-09-18 20:26:16,,,,Eidel,5925288238,Betaald
847,2022-01-23 02:26:10,Nanni,Punyer,sdumphyni@weather.com,,,Geannuleerd
848,2014-02-19 06:52:53,Bree,Moodey,dmoodienj@nasa.gov,,,Betaald
849,2011-01-24 15:38:24,Izaak,Buard,csaintnk@ed.gov,,,Betaald
850,2016-05-26 00:24:20,,,,Tambee,7949230835,Beschadigd
851,2018-03-16 17:21:35,Nicolina,Nolli,ftomeonm@abc.net.au,,,Klaarmaken
852,2022-01-26 04:24:30,Paquito,Gumm,sarnottnn@cnbc.com,,,Betaald
853,2018-12-02 12:09:57,Kinna,Kowalski,fgerratyno@tamu.edu,,,Betaald
854,2020-12-26 22:46:10,Jessa,Dunleavy,mhebbornnp@amazon.de,,,Betaald
855,2022-01-13 05:55:05,,,,InnoZ,8418116439,Betaald
856,2009-12-01 15:23:30,Gertruda,Almey,telcoatenr@booking.com,,,Betaald
857,2024-02-13 00:48:38,Tommy,Gonnely,lschmidtns@webnode.com,,,Lopend
858,2015-02-14 04:27:28,Nate,Huertas,tmanselnt@yahoo.com,,,Betaald
859,2019-07-31 06:36:50,,,,Eamia,7122977056,RetourInStock
860,2016-06-08 19:02:07,Kris,Pottberry,ebulwardnv@arizona.edu,,,Lopend
861,2016-11-15 20:54:47,Theodora,Wadelin,lbigmorenw@chronoengine.com,,,Betaald
862,2016-09-02 15:44:01,,,,Dabvine,8661382122,Betaald
863,2019-06-24 04:40:46,Wilfrid,Duer,ajosefsohnny@xing.com,,,Geleverd
864,2010-08-25 08:05:37,Joly,Haggart,clockhartnz@angelfire.com,,,Retour
865,2019-01-23 08:55:00,Geordie,Kupisz,mprescoteo0@addthis.com,,,Lopend
866,2020-03-05 12:04:38,Audrey,Scandrite,cpolettoo1@icq.com,,,Retour
867,2024-08-18 03:29:45,Theobald,Fante,nsmitteno2@nps.gov,,,Retour
868,2011-12-16 00:53:52,Lindon,Winchurst,apattisono3@utexas.edu,,,Betaald
869,2020-09-04 01:48:50,,,,Livetube,6344060840,Betaald
870,2023-06-02 07:55:36,Elisabeth,Ciccotti,skingslando5@ebay.com,,,Betaald
871,2012-04-24 01:15:16,Kellen,Darque,ekoppeno6@dailymail.co.uk,,,RetourInStock
872,2020-01-23 23:13:09,,,,Kwimbee,0983910944,Betaald
873,2019-01-18 12:12:23,Dorey,Gaythor,khundeyo8@exblog.jp,,,Lopend
874,2015-02-18 05:55:57,,,,DabZ,6546471485,Lopend
875,2019-12-23 22:25:07,,,,Jayo,5883215726,Betaald
876,2016-11-16 11:52:48,Sileas,Robrose,mmccaskellob@prnewswire.com,,,Betaald
877,2024-01-21 00:01:33,,,,Eadel,8065835341,Lopend
878,2010-09-01 23:03:34,Kellyann,Sydall,dstairod@nytimes.com,,,Klaarmaken
879,2016-01-16 07:45:03,,,,Brightbean,5468438801,Betaald
880,2016-04-07 03:00:58,Kissiah,Messier,rzottoof@oakley.com,,,Betaald
881,2020-06-11 23:33:58,Zechariah,Mechem,egoldog@vistaprint.com,,,Lopend
882,2011-04-02 15:15:43,,,,Oyoyo,8548166207,Betaald
883,2019-02-06 15:47:22,Avigdor,Chasemoore,viwanowiczoi@unc.edu,,,Lopend
884,2023-08-19 10:39:59,Trixie,Message,akezaroj@illinois.edu,,,Klaarmaken
885,2022-08-31 06:24:23,Laurena,Deinert,eraitok@photobucket.com,,,Geleverd
886,2015-10-27 03:13:56,Mylo,Vowell,bellerol@phpbb.com,,,Betaald
887,2013-05-17 18:46:44,Una,Ripon,rziehmsom@house.gov,,,RetourInStock
888,2021-01-30 23:55:32,Alic,Hows,cbroadfooton@admin.ch,,,Betaald
889,2019-01-25 12:23:27,Durante,Faill,aurryoo@flickr.com,,,Lopend
890,2024-08-15 10:48:40,,,,Dabvine,3709374634,Betaald
891,2020-06-29 15:43:06,Jacobo,Brodway,ttonbridgeoq@arstechnica.com,,,Betaald
892,2017-02-20 01:58:58,Hanan,Froome,aperfordor@fda.gov,,,RetourInStock
893,2012-04-16 07:12:50,Wallie,Torbard,kleithos@ow.ly,,,Betaald
894,2024-08-01 15:17:44,Kat,Ravenscroft,grodgerot@wufoo.com,,,Beschadigd
895,2017-08-09 19:36:37,Kerry,Otto,jyannoniou@topsy.com,,,Retour
896,2020-08-31 22:58:59,Nanice,Clifton,scrickmoorov@mapquest.com,,,Betaald
897,2015-06-21 19:59:20,Caprice,Delamere,ayeowellow@time.com,,,Geleverd
898,2021-02-15 12:40:19,,,,Flashpoint,5864517852,Klaarmaken
899,2016-12-06 01:03:25,Vanya,Camber,mnortcliffeoy@gnu.org,,,Betaald
900,2018-03-26 06:20:40,Micheline,Kristufek,wbickmoreoz@yelp.com,,,Betaald
901,2010-07-30 03:44:02,,,,Skimia,7236718807,Betaald
902,2015-12-14 06:39:14,,,,Ooba,7407200726,Betaald
903,2022-09-04 21:42:16,,,,Talane,3762238529,Betaald
904,2020-03-29 17:48:11,Findlay,Kidstone,sayscoughp3@buzzfeed.com,,,Betaald
905,2020-03-20 06:23:15,Brigid,Cherrison,gchesterfieldp4@sitemeter.com,,,Betaald
906,2015-02-27 03:51:08,Chelsie,Pohlak,aroundtreep5@diigo.com,,,Retour
907,2013-07-24 08:50:45,,,,Dynava,5573673009,RetourInStock
908,2017-08-09 16:20:44,Wynn,Shallow,gmakiverp7@statcounter.com,,,Betaald
909,2014-08-11 11:26:26,Reinwald,Chittim,kgoltp8@economist.com,,,Verloren
910,2013-09-19 11:48:47,Nesta,Scarisbrick,scrannap9@xinhuanet.com,,,Betaald
911,2021-11-30 17:28:41,Paolo,Shields,plarcherpa@yellowpages.com,,,RetourInStock
912,2020-03-11 23:09:57,Lamont,Pawden,fsizlandpb@google.de,,,Retour
913,2021-06-20 06:47:50,,,,Gigazoom,6769833417,Retour
914,2018-05-22 23:55:29,,,,Feednation,1693564106,RetourInStock
915,2011-04-15 06:01:26,Lindon,Dumper,pvidgenpe@simplemachines.org,,,RetourInStock
916,2022-06-27 03:09:12,Maureen,Mascall,egladdinpf@people.com.cn,,,Geleverd
917,2024-06-08 07:59:59,Augustina,Bromfield,cwhitesidepg@google.cn,,,Lopend
918,2021-03-07 21:08:10,Laurette,Orrah,lduberryph@amazon.de,,,Onderweg
919,2022-12-27 13:41:21,,,,Kwimbee,1522481532,Betaald
920,2014-12-03 21:02:15,,,,Meemm,1137010460,Betaald
921,2014-02-01 08:46:10,,,,Avamba,9632848284,Retour
922,2014-03-22 20:14:12,Janine,Tanfield,dkeningtonpl@blogspot.com,,,Verloren
923,2019-09-21 06:04:47,Maggi,Orrell,cchurchlowpm@desdev.cn,,,Betaald
924,2019-12-24 18:36:11,,,,Talane,9870471420,RetourInStock
925,2013-05-27 20:47:47,,,,Twinder,7461396633,Geleverd
926,2011-11-22 13:40:47,,,,Jayo,8193772598,RetourInStock
927,2021-04-26 17:51:29,Teddie,Ply,yrismanpq@ycombinator.com,,,Betaald
928,2010-10-28 06:21:41,Corene,Haverty,ldeshortspr@dropbox.com,,,Betaald
929,2016-02-06 03:22:18,Mira,Tindley,hbearmanps@eventbrite.com,,,Betaald
930,2012-11-09 09:54:55,,,,Lazzy,6513958482,Betaald
931,2020-08-01 15:36:47,,,,Jetpulse,7549509026,Lopend
932,2018-11-19 19:26:29,Darnell,Beech,gshinglespv@flavors.me,,,Retour
933,2020-10-21 20:57:00,Trude,Ibbitson,klendonpw@theatlantic.com,,,RetourInStock
934,2023-06-23 12:40:21,Van,Pregel,nroseboroughpx@about.com,,,RetourInStock
935,2010-06-13 05:49:46,,,,Skyndu,4602446884,Geannuleerd
936,2024-07-19 20:04:22,,,,Photobug,5793944176,Betaald
937,2015-01-28 22:25:12,Emanuel,Kuhle,rvasyaevq0@wordpress.com,,,Betaald
938,2019-07-27 13:38:53,,,,Rhyloo,2167434618,RetourInStock
939,2013-01-18 23:08:20,,,,Flashpoint,0552337269,Geleverd
940,2014-11-27 16:06:58,Quill,Heffron,ttrasslerq3@dmoz.org,,,Lopend
941,2017-12-09 11:14:55,Nelia,Denisovo,rwitherowq4@etsy.com,,,Betaald
942,2010-11-03 14:48:23,Sal,Ricart,rlavensq5@shinystat.com,,,Betaald
943,2017-10-15 06:57:49,Raphaela,Spare,bmcgrudderq6@whitehouse.gov,,,RetourInStock
944,2011-09-25 05:26:33,,,,Topiczoom,7451229807,Betaald
945,2021-12-02 17:44:27,Binky,Oakeby,dhotchkinq8@furl.net,,,Betaald
946,2015-08-31 22:40:22,,,,Tagtune,0080222064,Lopend
947,2018-12-29 20:35:19,Kelley,Ferrieres,fblockleyqa@hubpages.com,,,Betaald
948,2010-02-27 13:58:49,Worth,McCord,cmoarqb@ocn.ne.jp,,,Verloren
949,2022-02-26 14:59:19,Bartel,Alford,lcunniamqc@baidu.com,,,Geleverd
950,2016-06-24 02:51:30,Emilio,Meadus,vjudkinsqd@ocn.ne.jp,,,Betaald
951,2017-04-03 06:58:12,Joyann,Pietsma,wkarolyqe@ftc.gov,,,RetourInStock
952,2019-05-27 15:56:34,Freda,Duchart,rdorseyqf@europa.eu,,,Lopend
953,2010-10-27 20:16:58,Jessamyn,Vlies,tkleinsmuntzqg@epa.gov,,,Lopend
954,2024-05-24 11:43:35,Ker,McNeill,jadamouqh@harvard.edu,,,Betaald
955,2024-05-08 23:22:20,Donella,Tutin,ahorburghqi@topsy.com,,,Retour
956,2014-07-07 11:30:54,Silva,Shury,mstidsonqj@webnode.com,,,Betaald
957,2010-08-12 14:09:17,Worthington,Snooks,gparlourqk@typepad.com,,,Betaald
958,2018-06-08 08:07:24,Rik,Grovier,tbroshql@taobao.com,,,Geleverd
959,2022-07-08 10:21:38,Keefer,Ilyunin,aredmainqm@elpais.com,,,RetourInStock
960,2015-08-10 16:19:51,,,,Browsecat,8487597254,Lopend
961,2011-12-19 17:37:37,Winslow,O'Dyvoie,jginsieqo@go.com,,,Betaald
962,2013-11-10 11:11:28,Cece,Tift,gcommucciqp@bbb.org,,,Klaarmaken
963,2018-01-20 00:29:30,,,,Rhybox,0488781817,Betaald
964,2013-11-09 21:30:08,Nate,McVeigh,twestmoreqr@pen.io,,,Geleverd
965,2023-09-06 00:02:00,,,,Zoozzy,2122154446,Onderweg
966,2018-01-21 13:27:30,Miner,Lamp,bworksqt@who.int,,,Lopend
967,2024-06-19 10:45:38,Simonne,Maile,ikornelqu@godaddy.com,,,RetourInStock
968,2011-03-20 13:29:35,,,,Realmix,1791158021,Betaald
969,2022-08-30 23:43:17,,,,Kwilith,0000862576,Betaald
970,2017-05-17 07:02:01,Loree,Glavias,mstiffkinsqx@dion.ne.jp,,,Lopend
971,2019-10-08 15:48:18,Tiebold,Dauney,umacgillivrieqy@51.la,,,Betaald
972,2013-12-16 01:33:59,,,,Youfeed,0631963405,Geleverd
973,2021-12-15 10:47:02,,,,Jabberbean,9999270166,RetourInStock
974,2019-07-11 17:28:23,,,,Feedfire,8947539813,Betaald
975,2012-08-12 20:27:30,,,,Mymm,0634379267,RetourInStock
976,2012-04-28 16:50:50,Walt,Houlworth,rbaumberr3@t-online.de,,,Retour
977,2018-08-27 05:43:15,,,,Oyoyo,1556100620,Geleverd
978,2013-09-16 19:14:27,Uta,Bristoe,pjeramr5@imageshack.us,,,Geleverd
979,2023-07-01 04:34:01,Tandie,Alf,cbuckelr6@icio.us,,,Lopend
980,2022-04-10 03:41:24,Mal,Blything,cpidgenr7@pinterest.com,,,Betaald
981,2014-11-12 01:34:52,,,,Jetpulse,1356006345,Lopend
982,2012-08-06 23:20:25,Laurens,Brockbank,olamputtr9@jimdo.com,,,Lopend
983,2012-01-12 19:01:52,Jacynth,Tadd,dkidbyra@shinystat.com,,,Geleverd
984,2013-02-27 21:14:34,Antonie,Giraldez,tgraftonrb@webs.com,,,Retour
985,2020-05-11 22:21:55,Hashim,Hubbis,dnaptonrc@webs.com,,,Betaald
986,2012-08-22 12:55:45,,,,Cogibox,6155074240,Verloren
987,2021-09-22 14:46:34,Beverley,Findlater,jtweedellre@shareasale.com,,,Geleverd
988,2020-01-13 02:40:06,,,,Skyndu,0697708128,Betaald
989,2015-02-21 12:07:47,Kate,Muzzollo,cdwellyrg@ft.com,,,Lopend
990,2015-03-19 09:48:01,Ermengarde,Millthorpe,bleguayrh@nsw.gov.au,,,Betaald
991,2015-09-03 07:26:05,,,,Kamba,5225925154,Geleverd
992,2017-10-29 08:49:24,,,,Oba,6783839559,Lopend
993,2018-05-24 03:53:01,Valentino,Faier,tcolvinrk@amazon.co.uk,,,Betaald
994,2020-02-18 07:25:13,,,,Yozio,8034991007,RetourInStock
995,2019-09-05 19:22:05,Trista,Minto,bdeyerm@ucsd.edu,,,Lopend
996,2024-05-28 08:05:29,,,,Camimbo,7154684941,Betaald
997,2020-09-16 13:14:36,Dannel,Southernwood,idocketro@narod.ru,,,Betaald
998,2020-07-18 22:44:13,,,,Quamba,7014093436,Geannuleerd
999,2011-12-27 03:42:48,Julie,Nystrom,rbernaldorq@4shared.com,,,Betaald
1000,2020-01-23 14:43:01,Cherilynn,Constantine,ejudenrr@webmd.com,,,Lopend
